x,y,theta
5.821358393435577e-05,6.536167565333775e-07,0.00013648924238838343
5.821430317783946e-05,6.333404965020307e-07,0.0001365430122168756
5.818538838005962e-05,7.045033661170139e-07,0.00013654637473063086
5.826020017088035e-05,7.739094970055139e-07,0.00013653880101310983
5.836087697716385e-05,8.256437043752668e-07,0.00013655117335977153
5.835292694048608e-05,8.658491777424103e-07,0.0001365717734729574
5.8293266658314596e-05,8.048393267478457e-07,0.000136651958540044
5.8191526052667314e-05,7.31359457622282e-07,0.00013674411936101123
5.808196235110855e-05,6.919628859001588e-07,0.0001368090832092555
5.801758313463185e-05,7.196371936699051e-07,0.00013683593847192002
5.805860380526677e-05,7.590764787181996e-07,0.00013685083450839098
5.8092001607809215e-05,7.901270146408033e-07,0.00013687712916318775
5.815162726381479e-05,7.776327492701104e-07,0.0001369220029862379
5.8197135876227755e-05,7.58821170239371e-07,0.00013698351921412048
5.8203668961246543e-05,7.719735769874174e-07,0.0001370152003321837
5.8163590229143215e-05,7.786829130055184e-07,0.00013705544790033308
5.817201292824604e-05,7.777662084550309e-07,0.0001370941148881764
5.818863347650937e-05,7.761211525359163e-07,0.00013714219264868572
5.8198394464906175e-05,7.690196816520387e-07,0.00013718780290235117
5.817084570446323e-05,7.649601068859684e-07,0.0001372384625234504
5.82382470706952e-05,7.533204931525432e-07,0.00013728522785280467
5.8332337444860855e-05,7.383434426557617e-07,0.00013733604661990921
5.8325333179778005e-05,7.275735651243638e-07,0.0001373901183196292
5.829412731789361e-05,7.396530421743701e-07,0.00013742827833715116
5.824045488848179e-05,7.714550117409329e-07,0.000137448616761574
5.8141912653332354e-05,7.940745042692406e-07,0.0001374787274481162
5.807821030894168e-05,8.07334714497347e-07,0.0001375084555302022
5.807305948840811e-05,8.153703298512447e-07,0.0001375490504312783
5.806507717154198e-05,8.182543267116564e-07,0.00013758935006997824
5.818089308697654e-05,8.131767153652741e-07,0.00013763317354704776
5.8214865494736015e-05,8.084582073522288e-07,0.00013768285085655478
5.820169936668802e-05,7.991900959620527e-07,0.00013773001507096726
5.816806207430999e-05,7.769269018065958e-07,0.00013778531461537354
5.814331756529954e-05,7.225145295727448e-07,0.00013786486158469405
5.812663053777056e-05,7.238595214790992e-07,0.00013790772619965523
5.812929083055299e-05,7.661467075576667e-07,0.00013792379828584962
0.00022793164134671975,8.220189916634841e-07,0.0001379381143711423
0.0003979393500870346,8.666033900826426e-07,0.00013798849311966722
0.0005679715906346563,8.532471460254339e-07,0.0001380375169464719
0.0009078134805970946,8.633212693496495e-07,0.00013810428376813654
0.0012478586993968717,8.770044956501262e-07,0.0001381791176974946
0.0015879348528473388,8.934519541188183e-07,0.0001382323218762716
0.0019280119799005711,9.860457204973614e-07,0.00013825959388473718
0.0022680647500356453,1.1606488188730553e-06,0.00013821222443242682
0.002608143873164876,1.2241979353842403e-06,0.0001382425469758743
0.0029481208374418336,1.253848208052603e-06,0.00013830068809417382
0.003288053098991543,1.2809487243964218e-06,0.00013835260411211285
0.003628021121455342,1.2627173639102267e-06,0.00013843447999000333
0.003967966857478997,1.2439234957249834e-06,0.00013851846163961845
0.004307985624665489,1.26584044630247e-06,0.00013857780136727316
0.004648013689184459,1.3573800914737654e-06,0.00013859236327014987
0.004988130932463155,1.4436864818103884e-06,0.00013860738889592928
0.005328144729907425,1.5247046295678392e-06,0.0001386357276955909
0.005668205317560109,1.5917739317848304e-06,0.0001386620134718687
0.006008259519871839,1.5771945832417712e-06,0.00013873886268534814
0.006348191808516896,1.5341864780789684e-06,0.00013884389909640715
0.006688080647434915,1.503373376126969e-06,0.00013893162312060122
0.007027993865334762,1.5233439979441115e-06,0.00013899305373271922
0.007367922101130012,1.6511286618498615e-06,0.00013898568733112506
0.007707985875507204,1.8308878786750395e-06,0.00013894228157373538
0.008048034570345221,1.9564841297521447e-06,0.0001389362578281027
0.008388094005741474,1.937225713614464e-06,0.00013902389232926622
0.008728133931427249,1.882250896215443e-06,0.00013912893767127908
0.00906813511714738,1.8251278319095393e-06,0.00013924001425192332
0.00940810648624807,1.789826704478201e-06,0.00013933325807935832
0.009748072884800932,1.8735101814980896e-06,0.0001393596650892627
0.010088027157728345,2.0993696968073596e-06,0.00013928816732369006
0.010427995579563008,2.3566610571481455e-06,0.00013920151115078425
0.010767991979206939,2.4808887754126222e-06,0.00013918999658055065
0.011107991035345263,2.4255661217523964e-06,0.0001392972690335904
0.011447982338130366,2.251740287427291e-06,0.0001394806707174341
0.011787992157642093,2.1280956285761783e-06,0.0001396309625007831
0.012128004683614165,2.166893232459938e-06,0.00013968264452680722
0.012468043446750296,2.3380854854024007e-06,0.0001396423245459965
0.012808015861421145,2.525449345357268e-06,0.00013960063425948915
0.01314806129997042,2.618578663849112e-06,0.0001396099573167777
0.013488056685020471,2.656322864177775e-06,0.00013966634109002375
0.013828060388656445,2.6544561949896046e-06,0.00013973398512791876
0.014168042036019717,2.6491356721692795e-06,0.00013981669960169457
0.014508015923296745,2.6930881782926264e-06,0.00013985951313910002
0.014847993075883545,2.734952171227682e-06,0.00013990709505576967
0.01518801448909823,2.7736602824576446e-06,0.00013995883856743858
0.015527986150072726,2.8099306539929993e-06,0.0001400075301184024
0.015867976934583253,2.8939907708450186e-06,0.00014002911077643478
0.01620799421193828,2.9681679363888728e-06,0.0001400499589183338
0.016548089369693878,3.006536881462218e-06,0.00014009777928569183
0.0168881614883238,3.0119297566144253e-06,0.0001401709361120927
0.017228146000930238,3.0252458564657078e-06,0.00014023862409186558
0.01756814916242969,3.121461085625997e-06,0.00014025426377873
0.017908070086023912,3.2308917948975834e-06,0.00014025329479187354
0.018247956235073956,3.320678993818927e-06,0.00014027237620509262
0.018587865767837632,3.2988035278270386e-06,0.0001403564914960656
0.01892783360356185,3.2323775800378502e-06,0.00014047256696969376
0.01926785540319376,3.2004430145157984e-06,0.00014056535930198082
0.019777795166939453,3.297651803422017e-06,0.00014056218675572343
0.020287839281050785,3.4825175830009504e-06,0.00014060241594545457
0.020797875261324934,3.6891324864497227e-06,0.00014050700564158749
0.021477836465721312,3.8328144732704935e-06,0.00014054125765461297
0.02215786734948461,3.879079663429189e-06,0.00014060350810016106
0.02283792580186814,3.863911909283193e-06,0.00014072459347936543
0.02351799668638985,3.856745115981335e-06,0.00014083064721810901
0.024198017526528084,3.8647708748527935e-06,0.00014092778161322374
0.024878021442796387,3.896001462908894e-06,0.0001410114901887273
0.025558012427586388,4.033537920753221e-06,0.00014103145613106633
0.02623796371196767,4.260739799851423e-06,0.00014099353294750295
0.027087757824348187,4.4965433953294e-06,0.00014094955485942235
0.02793773482420116,4.67530148575961e-06,0.00014097924332605086
0.028787761155018472,4.813630318921332e-06,0.00014098858665869053
0.029807678364470912,4.881238380111886e-06,0.00014108757061826206
0.03082769921824357,4.898596904158682e-06,0.00014119499934886655
0.031847783156397476,4.904026538585669e-06,0.00014133964193982273
0.03303769415156819,5.040580501000283e-06,0.00014138861323860513
0.034227703061070806,5.292932947883733e-06,0.00014142260936038278
0.035417741153992974,5.584928438772817e-06,0.00014133793901186935
0.03677767415289698,5.833913173010182e-06,0.00014135053618062217
0.0381376999071402,6.044960626418821e-06,0.00014138424709279085
0.039497717096704334,6.210794843066475e-06,0.00014145298605559696
0.04102756810722709,6.3953805284098575e-06,0.00014150051707318586
0.042557707273672314,6.577626414054404e-06,0.00014157688179335944
0.044087687422492326,6.7636775559183295e-06,0.00014162267643322445
0.045787593365489064,6.993633630206929e-06,0.0001416525084915164
0.04748758127554604,7.255583214895151e-06,0.00014171664735506903
0.04935742969587703,7.533575173494552e-06,0.00014170616627338275
0.05122746105127909,7.732579269519674e-06,0.0001418162233408479
0.0532673692446595,7.916045602522626e-06,0.00014188336826397022
0.05530745712782116,8.182659350968647e-06,0.0001419713080485197
0.05751739871747699,8.565623333959273e-06,0.00014192638818829377
0.059727462733085095,8.930146030369243e-06,0.00014198224808537803
0.061937532631164555,9.195668429989145e-06,0.00014199672157466824
0.06431738634538267,9.517000626100167e-06,0.0001420703596955555
0.06669740111434998,9.884743373235132e-06,0.0001420839151019206
0.06924732048117094,1.023570438495772e-05,0.0001421303473457898
0.07179726396513347,1.055584066749285e-05,0.00014215994493595955
0.07434738116064954,1.090316295774928e-05,0.0001422222584740543
0.07706733541709224,1.1300795533645485e-05,0.00014223119274557987
0.07978738475146116,1.1668625860958742e-05,0.00014229923853380612
0.08250746521732688,1.2000908044753139e-05,0.00014235247978065834
0.08539729821355034,1.2401310837305843e-05,0.00014237329005733883
0.08828739589659869,1.2811700083869282e-05,0.00014246708869249957
0.09117736283655985,1.3218778815573716e-05,0.0001424556378562257
0.09423727452148231,1.3639962057562683e-05,0.0001425147352757571
0.09729726563444605,1.4061383717532932e-05,0.00014256476281781784
0.10035730563311353,1.4431841821249976e-05,0.00014263210184858898
0.10341733863263004,1.4804308182162853e-05,0.00014271809342649463
0.106477428825348,1.5254528077785645e-05,0.00014274045658635535
0.10953746919365542,1.5785174633272373e-05,0.0001427192095360514
0.11259742008679517,1.6292874923869197e-05,0.00014270915184374464
0.11565736963267853,1.6763622955338795e-05,0.00014272133751408813
0.1187173477589574,1.7108849892274192e-05,0.00014281208317317744
0.12177733433713359,1.7425966857638365e-05,0.00014293125095398126
0.12483733292410032,1.7759198109587583e-05,0.00014303166252820638
0.12789731506564925,1.819425109969983e-05,0.00014307389672242268
0.13095743888553274,1.8640732881828075e-05,0.0001430943672168635
0.13401750984640612,1.9081816615013894e-05,0.00014313364791297933
0.13707748318073673,1.9521902022719388e-05,0.00014317082175278154
0.1401374629414037,2.0003686201430877e-05,0.00014318135345746697
0.14319739607846788,2.047186550331148e-05,0.0001431957584102237
0.1462572843749676,2.0927921099814794e-05,0.00014322041076817333
0.14931721101771894,2.131544053904537e-05,0.000143281032405193
0.15237724070947137,2.165274231968362e-05,0.0001433745383871928
0.15543727186623185,2.2022006062386894e-05,0.00014345121819397147
0.15849731112339577,2.244562949291604e-05,0.00014348885156407408
0.16155731412826907,2.290091796585388e-05,0.00014350978509281812
0.16461734307115275,2.3387023183369292e-05,0.0001435101235480207
0.16767734988603372,2.3853093759847004e-05,0.00014352043502077294
0.17073733041437986,2.4272332979727647e-05,0.00014356697475312628
0.17379732826164396,2.4648322797079365e-05,0.00014363388784003874
0.17685733299516826,2.5014716177798457e-05,0.00014371143601032765
0.17991733135000748,2.540510535738455e-05,0.0001437782251222606
0.18297733550486733,2.5842657112130226e-05,0.00014380979587840783
0.18603747652961145,2.6271576839146642e-05,0.0001438463079192828
0.18909751963013818,2.670776221332581e-05,0.00014388475423294362
0.1921574821535351,2.7228300318001676e-05,0.00014387055055150688
0.1952173917974335,2.7739497745048943e-05,0.00014385747869350105
0.1982772762521139,2.8190563969426467e-05,0.00014388297824426168
0.2013371897708535,2.8525465589130945e-05,0.00014398449043915334
0.20439719632619918,2.8850240625198403e-05,0.00014409239477618398
0.20762713217855416,2.9241784638650186e-05,0.00014413657653526886
0.2108571245165273,2.9699174310348302e-05,0.00014424179703680643
0.21408718564345444,3.0182684549079294e-05,0.00014422338450347175
0.2174871275074769,3.073093130118779e-05,0.0001442433860677135
0.22088716213548332,3.1252662923700165e-05,0.00014427061002377127
0.22428718833692748,3.172561937319169e-05,0.00014429202125402124
0.2276872821394527,3.2154901276434795e-05,0.00014438286658092017
0.23108728501492898,3.256700024273711e-05,0.0001444587708053813
0.23448724271220103,3.298703164476381e-05,0.00014454335442909953
0.2378872032907436,3.343539663282405e-05,0.00014460298760414074
0.24128721418298402,3.4002078677656117e-05,0.00014459299022529355
0.24468725939260544,3.457941242667815e-05,0.0001445693922118605
0.2480872535441073,3.509272723704575e-05,0.00014459472961370564
0.25148726578687164,3.5580331247321044e-05,0.00014462958294501592
0.25488739289935614,3.6057916241693184e-05,0.00014466611011092954
0.2552303096501049,3.60765149934849e-05,0.00014460893324568216
0.2567257594495393,3.620692927584077e-05,0.00014484707203618537
0.25937624323533515,3.650369203958648e-05,0.0001451099691481327
0.26318188864938047,3.7022524971975923e-05,0.00014462151956509155
0.26760011287226615,3.771373097933134e-05,0.00014509423494358416
0.2721895751755884,3.84226790076617e-05,0.00014480684648441914
0.27695012714004524,3.912374707675657e-05,0.00014494003786681876
0.28188133240459634,3.981065799099498e-05,0.00014494761005856143
0.28664306412117535,4.038805676878924e-05,0.00014501213846952296
0.29208366439821276,4.107347635691506e-05,0.0001450185053305869
0.29769384528229503,4.1862796773619176e-05,0.00014521487593423124
0.3034734797778856,4.276995606649814e-05,0.00014509351319724894
0.309252986689839,4.366232122096846e-05,0.00014518651276677427
0.31503247310895605,4.446639925038382e-05,0.0001451391188658049
0.32098196980949617,4.5228904659231785e-05,0.00014529612482150095
0.32693188547782925,4.5981079239128855e-05,0.0001453336175604054
0.3328820245800483,4.675997994965597e-05,0.00014545860665446297
0.3390021442314532,4.7657611671412374e-05,0.00014543471790683059
0.3451224640567481,4.856482968637073e-05,0.00014552893943888478
0.35124269136193553,4.946150501747753e-05,0.0001454969029460425
0.3575326456429343,5.037101352874708e-05,0.00014554318271121458
0.3638226724166844,5.1271478119707716e-05,0.00014557535610846054
0.3701126197309516,5.216317544435976e-05,0.00014559983228459554
0.37657232888520165,5.30432975424268e-05,0.00014566529414934413
0.38303224313761647,5.390017436471253e-05,0.00014572304587951208
0.38949225959418127,5.4762924388112315e-05,0.00014579881880603693
0.39612225528281997,5.5701054778610014e-05,0.0001458360489943148
0.402752281706733,5.6642320589354716e-05,0.0001458912165218169
0.4093823841807166,5.762400179747498e-05,0.00014588675466647487
0.4161824034191751,5.862198139134496e-05,0.00014591285226997917
0.4229824191726964,5.960347509269833e-05,0.0001459584292468544
0.429782416011929,6.053664283455165e-05,0.00014601206708305365
0.4367522791550702,6.144576693501967e-05,0.00014610328291619242
0.4437222692529727,6.237297429304481e-05,0.00014619066941604886
0.45069226874654195,6.336142670695215e-05,0.00014624649995874625
0.45783211214809705,6.442063410223237e-05,0.00014624393748716348
0.4649722210039872,6.549774629954075e-05,0.00014625789578777578
0.4722821587364833,6.660729548811439e-05,0.00014622543443683936
0.4765688705757392,6.722615936155605e-05,0.00014646952710899302
0.47969868611523636,6.76737379336071e-05,0.00014621777524868616
0.4816721775723612,6.7887957366295e-05,0.00014637832626706627
0.48248815745702894,6.794042086022196e-05,0.0001464369697956792
0.48248770688109494,6.79334146478189e-05,0.00014658325417926774
0.4824854581583741,6.796406543604782e-05,0.0001462454382292908
0.4824833637109081,6.801120771598062e-05,0.00014636879687528962
0.48248186889211314,6.802324759850898e-05,0.00014636930087476755
0.48248137212633413,6.800516619672553e-05,0.000146447368252895
0.48248179510134626,6.798573274919851e-05,0.00014648843147876196
0.4824827591566543,6.79255707228994e-05,0.0001465738580995663
0.4824838415384049,6.786211789209082e-05,0.00014665923993705768
0.4824846701204452,6.780778474518613e-05,0.00014674401624910225
0.4824850087082313,6.78118620763281e-05,0.0001467903753787094
0.4824848794429476,6.787741365267524e-05,0.00014678496111446976
0.4824844610411189,6.803127838051277e-05,0.00014672818407708587
0.48248386427993556,6.815928024767807e-05,0.00014668534344269838
0.48248337497000593,6.818999195435756e-05,0.00014670358867481488
0.48248311754385154,6.808857147537224e-05,0.00014680775344325092
0.48248310507112263,6.793715242541011e-05,0.00014694218876377168
0.482483366684385,6.78070744788896e-05,0.000147068159733543
0.4824837176321863,6.77813320400255e-05,0.00014712587060090914
0.4824840202270179,6.785926361406302e-05,0.00014712322050194115
0.4824841845278914,6.800963389065072e-05,0.0001470731425533995
0.48248417027317975,6.813858612596684e-05,0.00014703250120718636
0.4824840284453787,6.813320205973626e-05,0.0001470781439784016
0.4824838123718633,6.79576937988975e-05,0.000147226969698855
0.4824836533833158,6.776959479735393e-05,0.00014738588306734097
0.4824835946757872,6.767840706975739e-05,0.00014748283063464252
0.4824835770905322,6.777245456155084e-05,0.00014746761567619994
0.482483617700042,6.793983994124316e-05,0.0001474017355447196
0.482483766673935,6.807466464619716e-05,0.0001473610417018992
0.4824838454064431,6.813330968440573e-05,0.00014736816248732198
0.4824838808758452,6.807704807857414e-05,0.00014744583738478405
0.48248386988078257,6.800761341165643e-05,0.00014753287325401974
0.4824838138248697,6.794593643599065e-05,0.00014761105518832404
0.4824837128324275,6.789154367657269e-05,0.000147687259282349
0.4824836278360423,6.78947669108438e-05,0.00014772686825816446
0.482483671222179,6.789286281267046e-05,0.00014776463036217033
0.4824837049990021,6.791975433741981e-05,0.00014779220852305624
0.48248374709255276,6.80081092125637e-05,0.00014777805322641597
0.4824837671644685,6.807117818483456e-05,0.00014777806713703906
0.48248380689775183,6.803043764280978e-05,0.00014784584013040453
0.48248378314903195,6.799087110781234e-05,0.00014791792675965097
0.4824838548505823,6.794941873848438e-05,0.0001479805313462028
0.48248392010578267,6.792366556188298e-05,0.00014803999158119168
0.48248388561145333,6.793903945957205e-05,0.0001480707343013093
0.4824838060078402,6.794828283645774e-05,0.00014810659334399913
0.48248374026862695,6.79505740982177e-05,0.00014814439235404504
0.48248368422184307,6.795333169230411e-05,0.0001481880996059752
0.48248363600033,6.795196119410647e-05,0.00014823124628637806
0.48248367145834326,6.794507942487262e-05,0.0001482782763326458
0.4824836842126444,6.795711183356303e-05,0.00014831047651906024
0.4824836642199954,6.799423994473427e-05,0.00014833004239424882
0.4824836757727993,6.7975318906582e-05,0.00014838103046781124
0.4824837231881246,6.794853231683108e-05,0.00014843688819019416
0.4824837863870754,6.794577134050604e-05,0.0001484844755316041
0.4824838137832328,6.79787374958208e-05,0.00014850490513983547
0.4824838409471883,6.80007311509762e-05,0.00014853396164319932
0.48248386221508355,6.796932684350945e-05,0.00014859384332939666
0.48248064722580813,6.785747838491499e-05,0.0017413961176298296
0.48247725618781795,6.733424832015527e-05,0.003582173427925406
0.48247409749727455,6.718470479845626e-05,0.005162092914253643
0.4824676423899723,6.669169809468072e-05,0.008521737022563732
0.4824611968583638,6.600463017208037e-05,0.012014710444334813
0.4824549927794552,6.547025078003292e-05,0.015310824804670735
0.4824486169713401,6.475414807742055e-05,0.01876083644900718
0.48244229540895855,6.412036181974999e-05,0.022112001233334615
0.4824358699790418,6.340526727658103e-05,0.025520006160152178
0.48242947525361984,6.272846881094418e-05,0.028897727365062808
0.48242307301970444,6.206131856120725e-05,0.03229053254051356
0.4824166867993812,6.138735997708471e-05,0.035676229212256175
0.48241039006898295,6.06736033263713e-05,0.039065064064194764
0.4824040201454935,5.9924442971826535e-05,0.042452633899494586
0.4823976871478349,5.9098394489181734e-05,0.04584069536323298
0.4823912908788305,5.8241607097231326e-05,0.04922863166032973
0.4823850413362211,5.736833761455594e-05,0.05261657686610165
0.4823786961157598,5.647365569605024e-05,0.05600454415738981
0.4823723646335139,5.559482953999751e-05,0.05939246214737969
0.482366012976427,5.471183779270186e-05,0.06278038440432929
0.4823596497029752,5.3840778583784595e-05,0.06616827536496682
0.48235014929309816,5.267591754703927e-05,0.07114901864193503
0.4823405538725111,5.089252425882068e-05,0.07637733064679418
0.48233131361566156,4.95230453063524e-05,0.08134534317210525
0.4823187040527828,4.747978161199293e-05,0.08809289974637809
0.4823060077649554,4.509985719393349e-05,0.09497345130757544
0.48229341306332296,4.297757393127613e-05,0.10165774042618708
0.4822806690763612,4.050618470641419e-05,0.10849535897199146
0.4822680123914136,3.8130268600074964e-05,0.1152343935057559
0.4822553859879961,3.5616132622784085e-05,0.12203014079260062
0.4822428533392433,3.305078575029963e-05,0.12879566782714716
0.48223038044682853,3.0334356643776467e-05,0.13557633205687064
0.48221478784887767,2.7073528763937105e-05,0.1439425370672239
0.48219916315616984,2.3205684386498694e-05,0.15255989295696631
0.4821836795086586,1.970832336934139e-05,0.16091512107243167
0.4821649511134406,1.522505268214979e-05,0.17105086693350977
0.4821464682408287,1.024232748259361e-05,0.18131894926689016
0.48212805031135314,5.370832430077818e-06,0.1913905877645182
0.4821094782602822,1.1666328748950315e-07,0.2016160600950182
0.4820911287790186,-5.199125543234172e-06,0.21174285365190085
0.48207270690295945,-1.0820039275361732e-05,0.22192639241965006
0.4820543243137718,-1.6591277432549042e-05,0.232079706327709
0.4820360331137867,-2.24688751193645e-05,0.24224807452751174
0.4820178216047959,-2.8431187494133093e-05,0.25240928500569976
0.4819996860142855,-3.4592770498556325e-05,0.26257364881688494
0.481981605033249,-4.096899958750996e-05,0.27273676262560076
0.4819636543724775,-4.758127316662885e-05,0.28290038310362275
0.48194589403121574,-5.43467410601817e-05,0.29306387826680363
0.481928069545398,-6.133417401498991e-05,0.3032274048588596
0.4819102368002655,-6.853227286013163e-05,0.31339095340173967
0.48189243607417054,-7.592377979587361e-05,0.323554492757799
0.4818747096101111,-8.341022346824391e-05,0.33371800801114543
0.48185706558203034,-9.102307039772259e-05,0.3438814881035574
0.4818395735084696,-9.880779140324624e-05,0.354044992927666
0.4818222248699119,-0.00010685327886101291,0.3642085663755544
0.4818050185301624,-0.00011512894855361865,0.3743721922864124
0.4817878760824418,-0.00012354934022674506,0.3845358002228101
0.48177077596157397,-0.00013216840452264623,0.39469940934193565
0.4817537215117328,-0.0001409810951615981,0.40486302543008945
0.4817367165882557,-0.00014988360593818704,0.4150265878595584
0.48171975341029816,-0.00015883131181052977,0.42519005912687463
0.4817028810487154,-0.00016793022512400264,0.43535351733121164
0.4816862030564389,-0.00017729157866986487,0.44551704518485075
0.481669664483132,-0.0001870185227888675,0.45568069739828093
0.48165328781202316,-0.00019692797862474416,0.465844373376747
0.481636927458677,-0.0002069828506685573,0.4760080048138472
0.48162063954011414,-0.00021715719896023394,0.48617158639435587
0.48160440600933285,-0.0002274955127887107,0.49633514919107363
0.481588259188301,-0.00023792033195592694,0.5064986468852261
0.4815721815865708,-0.0002485348307839915,0.516662137793036
0.48155636824808634,-0.00025926410022852165,0.526825634747293
0.48154060971694224,-0.00027023266659218875,0.5369891489244942
0.4815249651100404,-0.0002814275187526346,0.5471526885933802
0.48150945410614926,-0.0002927845600338749,0.5573162176808126
0.4814940423453167,-0.00030429825446834146,0.5674797386384245
0.48147871297096634,-0.00031595201636579055,0.577643217589401
0.48146363877788007,-0.0003276979490382129,0.5878066966673422
0.48144860629493874,-0.00033964934939762533,0.5979701707031948
0.4814335728768382,-0.00035174125173489094,0.6081335856085642
0.4814186222748887,-0.00036402963279648734,0.6182969966842534
0.48140379322000193,-0.0003764931978029209,0.6284604174457421
0.48138917655720076,-0.0003890779500462038,0.6386238495633417
0.48137481397505605,-0.000401796970203348,0.648787312857463
0.48136057709656443,-0.0004146355564911373,0.6589507693224624
0.4813463733299195,-0.0004276096086767258,0.6691141786337882
0.4813322657797438,-0.00044075753189763353,0.6792775940146717
0.4813182776934891,-0.0004540649067256344,0.6894410161281634
0.4813044064929008,-0.0004674788741332661,0.6996044231289049
0.48129066574299323,-0.00048101395737695974,0.709767826042287
0.48127714400578725,-0.0004947282234414603,0.7199312896499604
0.48126380701816523,-0.0005086033452576902,0.7300947998476901
0.4812506058138657,-0.0005226148946739647,0.7402583180863649
0.48123749746874367,-0.0005367412777760364,0.750421825404856
0.4812244754792329,-0.0005509139260213356,0.7605852813833042
0.4812115833549289,-0.000565173485655429,0.7707487274364055
0.48119881970547096,-0.0005796189321818916,0.7809122084544794
0.48118631185246824,-0.0005942379291747571,0.7910757695854992
0.48117399237597164,-0.0006090496202651387,0.8012394037766815
0.4811618392247895,-0.0006239688673407163,0.8114030479044623
0.48114982030180986,-0.0006389815336833193,0.8215667006748739
0.48113788188139583,-0.0006540527582659447,0.8317303041470726
0.48112605599466546,-0.0006692223402943262,0.8418938954777908
0.4811143715512548,-0.0006845503307908182,0.8520575108517363
0.4811028252106825,-0.0006999689328536541,0.8622211212496905
0.4810914976760395,-0.0007155436419547576,0.87238478594042
0.481080384371002,-0.0007312609703090307,0.88254849876477
0.48106947932797206,-0.0007471088826171366,0.8927122472938402
0.4810587013087439,-0.0007630189172552934,0.902875967305544
0.4810480522537979,-0.0007789462377937323,0.9130396362495609
0.48103757948088244,-0.0007949388180767563,0.9232032901883075
0.48102721402058185,-0.0008111319722994566,0.9333669616275735
0.48101703066518375,-0.0008274388537492668,0.9435306289801956
0.48100710060386676,-0.0008437528777783868,0.9536942961070229
0.4809972209353558,-0.0008603414163222487,0.963857962647287
0.4809874909675621,-0.0008770688061613709,0.9740216153438283
0.4809779101714767,-0.0008938645817950797,0.984185237376456
0.4809685195687471,-0.0009107193306018639,0.994348834678181
0.4809593605045331,-0.0009276222324413859,1.0045124286277214
0.4809504214465403,-0.0009446271207922849,1.014676033191448
0.48094166338693145,-0.0009616659980094432,1.0248395972653737
0.480933025155293,-0.0009787575078679125,1.0350030983130236
0.48092453939537483,-0.0009959810730842337,1.0451665685144413
0.48091621848711597,-0.0010133406442527399,1.0553300255015188
0.48090806124012553,-0.0010308316180229415,1.065493461167119
0.4809001059837858,-0.0010483798989822254,1.0756568757301201
0.48089234107539935,-0.0010660053546303115,1.0858202715930725
0.48088475448608947,-0.0010837274262957232,1.095983637383995
0.4808773856709462,-0.0011014023148767018,1.1061469691792118
0.48087019734981107,-0.0011191208088904357,1.1163102538499066
0.4808631509597979,-0.0011370135693141855,1.1264735359722773
0.48085626841712387,-0.0011549920768715073,1.136636781506113
0.4808495505135728,-0.00117305362087265,1.1467999935095767
0.4808430114615893,-0.0011912295987497106,1.1569632001588994
0.48083664523883674,-0.0012094700078140984,1.1671263816475155
0.48083048239076936,-0.001227697075288358,1.1772895355144646
0.48082458546497503,-0.0012459914741179677,1.1874527309798308
0.4808188514404536,-0.0012643057366590294,1.1976158921706812
0.4808132688732838,-0.0012826279239769643,1.20777900993992
0.48080784562948786,-0.0013009882670854454,1.2179421035037221
0.4808026066577569,-0.0013194883449446832,1.2281052076755041
0.4807976235552429,-0.0013380434607710872,1.2382683491133717
0.4807928597428062,-0.0013566792298899163,1.2484315190647286
0.48078832454953313,-0.0013753646260437425,1.2585947152158792
0.4807839171013665,-0.0013940615026868976,1.2687578752693796
0.4807796036171242,-0.0014127302483349245,1.2789209632646394
0.48077550387125767,-0.0014314782848783114,1.2890840854467063
0.4807717196563577,-0.0014502355858947256,1.2992472796412895
0.48076815169206905,-0.0014690911995107526,1.3094105140011547
0.48076476970766624,-0.0014880264218682419,1.3195737592637664
0.4807615667708969,-0.0015069779033937652,1.329737006458853
0.4807584581784285,-0.0015258915616771943,1.33990019885224
0.48075552653427234,-0.0015447965248636842,1.3500633877581063
0.48075277323792054,-0.001563767160919406,1.3602265888080547
0.4807502892343082,-0.0015827768877751838,1.3703898459537127
0.4807480937694701,-0.0016018085896364381,1.3805531728332103
0.4807460893130197,-0.0016209188326332092,1.3907165145640024
0.48074426101050977,-0.0016400464854428223,1.4008798543216998
0.48074258581617324,-0.0016591617356206895,1.4110431762984879
0.48074107060393007,-0.0016782744230210392,1.4212064829781086
0.4807397462900634,-0.0016973521026162933,1.431369786923497
0.48073863704059244,-0.0017164411754990836,1.4415331151368813
0.48073774785963264,-0.0017355762117043972,1.4516964598747568
0.4807371048816519,-0.0017547404330139273,1.4618598427312
0.48073664886412754,-0.0017739377529350608,1.4720232206566148
0.48073634009557337,-0.001793128307762528,1.4821865681389876
0.4807361868199956,-0.0018123125620221217,1.492349888028715
0.4807361981341301,-0.0018314972662199685,1.5025131845403126
0.4807364544824928,-0.0018506968024893185,1.5126765035248075
0.4807369667133375,-0.0018698906540806457,1.522839857774389
0.48073767015898355,-0.00188906976809316,1.5330032025470346
0.48073851936565976,-0.0019082252342734628,1.5431665040927498
0.48073954301985866,-0.0019273969282787562,1.553329785546945
0.48074072357277375,-0.0019465357963297997,1.563493032591035
0.48074213343916783,-0.0019656767340351473,1.5736562869111161
0.4807437932242204,-0.0019847812763588322,1.5838195711622638
0.4807456548788191,-0.002003856375216403,1.5939828514946677
0.4807476556213099,-0.0020229115061824515,1.6041460852059968
0.48074981918589316,-0.0020419839404833343,1.6143092914069535
0.48075214246936737,-0.002061010291400496,1.6244724679226146
0.4807546619372993,-0.0020799974713173034,1.634635635238395
0.48075740001396494,-0.002098960140782497,1.6447988184114832
0.4807603827117581,-0.0021179247911182687,1.6549620260720863
0.4807635502222771,-0.0021367176724441795,1.6651252227743691
0.480766899662914,-0.002155537542442787,1.6752884126910816
0.4807703595537469,-0.002174431210909464,1.6854515428307457
0.48077402251110285,-0.0021933473136922575,1.6956146708572903
0.4807778974887139,-0.0022122504207196685,1.7057778144809046
0.4807820097027305,-0.002231061245000967,1.71594099196351
0.4807863052436197,-0.0022497884390158406,1.726104174107804
0.48079074144756967,-0.0022684192157744385,1.736267337778894
0.4807953076589796,-0.00228696366610789,1.7464304685623127
0.48080008288065024,-0.002305465006313601,1.756593620929614
0.48080509655364223,-0.0023239107808669945,1.7667568055288028
0.4808103312575019,-0.0023423330333836477,1.7769200226105137
0.4808157663345985,-0.0023607464569179153,1.7870832420661695
0.4808213609185626,-0.002379115982838146,1.7972464566414135
0.48082709946248564,-0.0023974305866951914,1.8074096512656541
0.4808329710354164,-0.002415665311848307,1.8175728262174917
0.48083903026771735,-0.002433796125600518,1.8277360129077167
0.48084531269619485,-0.0024519065181910554,1.8378992296137096
0.48085184818203064,-0.0024699263237065454,1.848062494370686
0.4808585797049183,-0.0024878821408493876,1.8582257727689735
0.48086546554094745,-0.002505627954118883,1.8683890626265633
0.4808725042280376,-0.00252340876377624,1.8785523270515705
0.4808797149630144,-0.002541172953209074,1.8887155717856565
0.48088714524216286,-0.002558903000469067,1.8988788382962016
0.4808947755105725,-0.002576550742814045,1.9090421151894446
0.4809025982829868,-0.0025941158996481677,1.9192054070857147
0.4809106110618783,-0.002611579091257183,1.929368703425459
0.480918744600381,-0.0026288506013586147,1.939531988841998
0.4809270397830427,-0.0026460199460504154,1.9496952556690221
0.4809355662377415,-0.0026632116090791014,1.9598585387293355
0.4809442246844876,-0.002680393416061989,1.9700217651698142
0.48095308800401565,-0.002697523446079586,1.9801849860784708
0.4809621692535245,-0.0027145752144744077,1.9903482248954492
0.48097152313414043,-0.002731466459445155,2.0005115274228484
0.4809810295308097,-0.0027482269255225023,2.0106748204199203
0.4809906225434777,-0.002764897603881671,2.0208380552229714
0.4810003021285867,-0.0027814494980965307,2.031001235047061
0.48101012597275744,-0.0027979113212198534,2.0411643891353175
0.4810201881102535,-0.0028142367825182645,2.0513275741709056
0.4810304650279865,-0.0028305100004464385,2.0614907668793276
0.4810409413815061,-0.002846717543936067,2.0716539541979815
0.481051568165836,-0.0028628197833873337,2.0818171248454456
0.4810623100009058,-0.002878770583737402,2.091980271469338
0.481073224253664,-0.002894607092428456,2.102143425306747
0.4810842813275705,-0.002910352770566722,2.112306554357102
0.48109552361842683,-0.0029260280980357937,2.122469677577898
0.48110691879413553,-0.0029415545147650104,2.132632806451072
0.4811184600752751,-0.0029570033140854934,2.142795920095314
0.48113008324094886,-0.002972210569212044,2.1529590205940856
0.4811418908121998,-0.0029873166407928097,2.163122142898703
0.48115396498384094,-0.003002369146639799,2.173285300562434
0.4811662695797142,-0.0030173004850822336,2.18344850673435
0.48117873532672045,-0.0030321477009147414,2.1936117032168525
0.48119126032616205,-0.0030469313977455744,2.2037748460786517
0.4812037968194101,-0.003061572814386527,2.2139379276592317
0.4812163639232519,-0.003076019737555146,2.224100986596045
0.4812291581179455,-0.0030902930010227357,2.234264116870672
0.4812421516352262,-0.0031044718218342397,2.2444272762877304
0.48125530271061606,-0.0031185000349420247,2.2545904530934044
0.48126864006542686,-0.0031323058779780533,2.26475369560722
0.4812822231920143,-0.0031460595582855073,2.2749169774596187
0.4812959234725445,-0.003159691596560281,2.285080247900853
0.4813096502703681,-0.003173241780064665,2.295243463000857
0.48132347176728213,-0.0031866468697145972,2.3054066661505046
0.48133743714710436,-0.0031998927643557768,2.3155698999832035
0.48135151736897397,-0.0032129463068313185,2.325733150655306
0.4813657733050887,-0.0032258810874766612,2.335896416996512
0.4813801906420916,-0.0032386139437465843,2.346059727273106
0.48139477360921185,-0.003251236655368662,2.356223045927479
0.48140937367844244,-0.003263598239054077,2.366386360599507
0.4814240740462924,-0.0032759024245497532,2.3765496368921717
0.48143887672777774,-0.0032881183353809297,2.3867128662967545
0.4814538448123358,-0.0033002067196371424,2.396876103169367
0.4814689839355409,-0.003312082639656547,2.407039375842046
0.48148431490881044,-0.0033237844719981907,2.417202694098902
0.48149968729478126,-0.0033352557598600326,2.4273659886136527
0.481515109847513,-0.00334659427212486,2.4375292375512156
0.48153069497967665,-0.0033578075360118998,2.447692478711325
0.48154645155236464,-0.003368901273074195,2.457855706299927
0.48156227819700437,-0.0033798505990102136,2.468018887510533
0.48157826532665116,-0.0033906685921058963,2.4781820509837837
0.48159439206380167,-0.003401342934008725,2.4883451986031857
0.4816104859309742,-0.003411801375254675,2.4985082896905313
0.4816266856608931,-0.0034220734326218132,2.5086713720038523
0.48164299535522614,-0.003432166858910955,2.5188344397492406
0.4816594481083095,-0.003442092955589883,2.5289974927766425
0.4816760420893323,-0.0034518194745453753,2.539160553655681
0.4816927530818882,-0.0034613994438317166,2.5493235810430654
0.48170952756480956,-0.003470847816760877,2.559486551198201
0.4817263701513685,-0.0034801565235050274,2.5696494708807887
0.4817432913588154,-0.0034893197619473536,2.5798123465395335
0.4817603351902041,-0.003498304116425026,2.589975210809804
0.4817774087592089,-0.0035070504744539057,2.6001380698104475
0.48179463703905645,-0.0035156445148423147,2.6103009139359727
0.4818119073016612,-0.0035240209763513835,2.620463745369303
0.48182922298284553,-0.003532214437394091,2.630626561840374
0.48184663734443,-0.0035402631610480417,2.6407893423057924
0.4818642019572672,-0.0035481517655598727,2.650952130508021
0.48188171594742757,-0.0035557667342343583,2.6611149107214027
0.4818994091346259,-0.003563290085602729,2.6712776754836383
0.4819172262752205,-0.0035706508277012134,2.68144043278226
0.48193516278783005,-0.003577835818292701,2.691603203455506
0.48195314139055717,-0.0035848526056212085,2.7017659584955167
0.4819711552718438,-0.0035916644328106663,2.7119287191652655
0.48198920724746463,-0.0035982585008319736,2.7220914996477914
0.48200729497004435,-0.0036046362492931677,2.732254297442069
0.48202531634071144,-0.0036108139083030465,2.7424170788543303
0.48204346257606606,-0.0036168129939342696,2.7525798901179095
0.48206171109655466,-0.0036226178612363525,2.762742723427025
0.4820800781257123,-0.003628239350872295,2.7729055834651786
0.48209854502928484,-0.0036336770384121707,2.7830684654117857
0.4821171095687423,-0.0036389336198834952,2.7932313726754923
0.4821356777267927,-0.0036440275026903292,2.8033942713774276
0.48215425143427704,-0.0036490171646835095,2.813557132448922
0.4821727195524696,-0.0036537294688108865,2.8237200270495624
0.4821913027346968,-0.003658217818574681,2.8338829774882797
0.48220995057042587,-0.003662427800317979,2.844046005504892
0.48222869458467815,-0.0036664449855563466,2.85420905898446
0.4822474917056627,-0.0036702859306152282,2.864372119859122
0.482266315877668,-0.003674032128316205,2.8745351418110268
0.4822851738070509,-0.003677628433330791,2.8846981459907832
0.48230406117289953,-0.003681054297222855,2.8948611525844186
0.4823229835296259,-0.003684211934393407,2.9050242086524363
0.4823419522264417,-0.003687098253937507,2.9151873351572415
0.48236092659821017,-0.003689836728837874,2.925350427311427
0.48237992010831837,-0.0036923696072411367,2.935513530785928
0.4823988260514718,-0.003694708852950262,2.9456766282795996
0.4824178347230115,-0.003696932595610475,2.955839684461417
0.4824369227633598,-0.0036989658561515965,2.966002747359211
0.4824560806831502,-0.0037007978638679204,2.9761658177327863
0.4824752399229697,-0.003702300203366719,2.9863289587047337
0.4824943803106104,-0.003703586415732315,2.9964921219920932
0.48251352153073973,-0.0037047841070483867,3.0066551976853164
0.48253266918639354,-0.0037058479923138816,3.016818231424206
0.4825518360547298,-0.003706798753305866,3.0269812066928132
0.48257086277598166,-0.0037075291039785035,3.037144165501118
0.48258999099927335,-0.003708046152759159,3.0473071430576533
0.48260604827503595,-0.0037080498524707972,3.055877594263057
0.4826219829107764,-0.003708249663220632,3.0642001797273726
0.4826381574190388,-0.0037079723391728373,3.072783313741968
0.4826509515793799,-0.003707817167631372,3.0795866270221386
0.4826635613978654,-0.0037078880278123907,3.086257054666685
0.48267646629486477,-0.003707584635552061,3.093124348980977
0.48268914390780415,-0.003707303449355591,3.099837532709016
0.4827019769822041,-0.003706793429671252,3.1066497082890905
0.4827146794426387,-0.0037062357911477124,3.1134050029802194
0.4827273370973968,-0.0037055581295321,3.1201905427954246
0.48274010737565215,-0.0037048701894105973,3.1269609526925093
0.4827529476665823,-0.0037041410559147483,3.1337384115566076
0.4827658221414532,-0.003703312760705707,3.140512762526272
0.4827787034329185,-0.003702387910363793,-3.135896924251013
0.4827914713877291,-0.003701363949453196,-3.1291217533116202
0.4828042156952529,-0.0037002368900513334,-3.122346445748495
0.4828168700963581,-0.0036989698307324597,-3.1155711200387173
0.4828294518082108,-0.003697648322210018,-3.1087958256507395
0.4828421077436227,-0.0036963078817283256,-3.1020205626887205
0.4828548051262141,-0.003694878904795858,-3.0952453104915523
0.48286753795327736,-0.0036933490083533513,-3.0884700415088266
0.4827106982634315,-0.003701284974948908,-3.0816947350046777
0.4825537866802885,-0.0037102677461121206,-3.0749194426455766
0.48239686228043277,-0.0037203652371453873,-3.068144143436643
0.48207060493688914,-0.0037445652504414784,-3.0613688694355425
0.4817443987597944,-0.003771028411315893,-3.0545935730555107
0.4814183079506164,-0.0037996877103272206,-3.04781831818594
0.481092442850443,-0.003830565636565768,-3.0410430359002776
0.4807668162212424,-0.0038636547681529807,-3.034267775027724
0.480441466095322,-0.0038989246949312057,-3.0274924908810066
0.4801164063388794,-0.003936377211921615,-3.020717198834742
0.479791581094755,-0.003975971033447469,-3.013941866635687
0.47946700220517324,-0.004017764564879678,-3.0071665311922113
0.4791426577761561,-0.004061763043708794,-3.0003911901804257
0.47881863323979446,-0.004108019148269191,-2.993615884005638
0.4784949408431646,-0.004156498404000522,-2.9868406092614848
0.47800396453080735,-0.004233917643366554,-2.980065351286306
0.4776682572727527,-0.004288701236807044,-2.9796606458426553
0.4769183828924003,-0.004411897104073331,-2.975502117439635
0.475755943682777,-0.00460958262701681,-2.969530058557252
0.47459279412661715,-0.004813945564780237,-2.9650782730500516
0.47343137450729533,-0.005023448303834682,-2.959612578129327
0.4721001776694047,-0.005270440855914905,-2.9563494021437724
0.47076974098577096,-0.0055213764705709925,-2.9529993033702957
0.4694402381578133,-0.0057770541931685725,-2.9495498518952847
0.46794498650513544,-0.006069940552704345,-2.946211882602406
0.4664507969026237,-0.006367825857542302,-2.9427920816024127
0.4649576279037701,-0.006670787175650865,-2.9394231313090224
0.46329920914038414,-0.0070131647928957635,-2.9360255666400588
0.46164182553704836,-0.007361229339351079,-2.932642964365933
0.4599855637568608,-0.007714935945897911,-2.9292530767506424
0.45833042299664545,-0.008074241440374833,-2.925866555427807
0.45667649264627286,-0.008439079030610542,-2.9224785346357836
0.4550238043944812,-0.008809416486599695,-2.9190910458378707
0.45337236450411744,-0.00918542489391137,-2.9157033929736067
0.451722313154547,-0.009567024611590595,-2.912315825522072
0.450073606461972,-0.009954194440959498,-2.9089282454392666
0.4484262180283299,-0.010346963796069768,-2.905540670805711
0.446780200277077,-0.01074537752144692,-2.902153148528816
0.44513552418312463,-0.011149409010001879,-2.8987656544752127
0.4434921789794295,-0.011558989561088672,-2.8953781357343806
0.4418501209780254,-0.011974068106273284,-2.8919905611303793
0.44020954456709194,-0.01239464546772987,-2.8886029490569105
0.4385703833885668,-0.012820826282701423,-2.8852153663262508
0.43693270154236535,-0.013252569464601115,-2.8818277854704215
0.4352965287404337,-0.013689877156257104,-2.878440218847621
0.433661832344342,-0.014132755132371553,-2.8750526579700058
0.43202866133879664,-0.014581143501594852,-2.8716650785397064
0.4303969936289168,-0.015035003095732708,-2.868277448370027
0.42876685649408547,-0.0154943580497479,-2.864889785481263
0.42713829194306424,-0.01595928572120775,-2.8615021476801505
0.425511330816719,-0.016429762079118795,-2.858114523554944
0.4238859791588622,-0.016905766222317934,-2.8547268989726065
0.4222589762540343,-0.017387352954810968,-2.8529320388410526
0.4206326093137013,-0.01787149431635371,-2.8513847120385316
0.419007207599187,-0.01835816951521699,-2.849577078968156
0.417379159873634,-0.018847844289660937,-2.8495489862009147
0.41575105403996626,-0.01933719179104283,-2.8496533619265048
0.41412307815209803,-0.019826470043917074,-2.8495619385687263
0.41249501493735513,-0.020315977864940046,-2.849623731927834
0.4108670404913226,-0.02080540288810189,-2.8495871104077706
0.4092389968886928,-0.02129482339002743,-2.8496070836383183
0.4076076178397815,-0.02178418344587216,-2.8511897261835903
0.40597525215223174,-0.022270538181202174,-2.853034673790738
0.4043422551228747,-0.022754058605811287,-2.8546125636138746
0.4027050199816806,-0.023235127553629845,-2.85797315749602
0.4010660140192686,-0.02371019832422403,-2.861464869732218
0.39942559795488486,-0.02417982260268463,-2.864761314433793
0.3977834801635597,-0.02464392610537539,-2.8682107510832653
0.39613986433770637,-0.025102337670939702,-2.871561770640209
0.3944946621105717,-0.025555188138898666,-2.8749693905291354
0.3928479470792189,-0.026002402377561778,-2.878346808633629
0.3911997124729019,-0.02644406942883656,-2.881739318845471
0.3895500032127954,-0.02688018934160145,-2.8851247535899147
0.3878988288848704,-0.02731072232776703,-2.8885133111842265
0.3862462134217094,-0.027735653482288132,-2.891900593096648
0.38459218057007527,-0.028154979134855984,-2.895288314007642
0.38293664903410185,-0.02856866316196387,-2.898675869728645
0.381276382950341,-0.028976725114331654,-2.9036558958227556
0.3796139803269296,-0.029376020441372667,-2.908884216739644
0.37794987437817745,-0.029766826641727993,-2.9138516926214484
0.3762804026085117,-0.03014914630061828,-2.9205987972198417
0.3746083060109525,-0.03051983160465365,-2.9274785311180325
0.3729337600098316,-0.03087901175846628,-2.934162328520763
0.3712566927440788,-0.03122704052799277,-2.9409992915134584
0.36957733467656095,-0.03156349930237352,-2.947737713692441
0.3678956262733606,-0.03188864237237477,-2.9545327866460256
0.3662117396534141,-0.03220237987611369,-2.96129769699801
0.36452586062782266,-0.03250472677204257,-2.9680776865578453
0.36283804028282546,-0.032795638835890456,-2.974850578159763
0.361148330372486,-0.033075114899429256,-2.9816266226615022
0.3594568131456047,-0.03334313927683042,-2.9884013895170907
0.35776347707287987,-0.033599712868047395,-2.995176636260035
0.3560683968618792,-0.03384482317998575,-3.001951748991792
0.35437165080658345,-0.03407838728164233,-3.0087268386356896
0.3526732949947323,-0.034300458083407565,-3.0155019463950836
0.35097349834712716,-0.03451107019827134,-3.0222770678968294
0.34927233929964074,-0.03471020271386056,-3.0290522340599972
0.34756991809979937,-0.0348978114078258,-3.0358274001261742
0.34586623734965716,-0.03507380904207583,-3.0426025265726944
0.344161283306303,-0.035238264516636725,-3.0493776538132695
0.34245535830704493,-0.03539119419163488,-3.056152798432622
0.340748504980245,-0.03553258351720099,-3.0629279349047054
0.339040584229653,-0.03566241943738075,-3.069703108809484
0.3373318827718648,-0.035780701842474956,-3.0764782848387524
0.3356225202916054,-0.0358874194855558,-3.0832534495077466
0.3339124622175639,-0.035982503359362955,-3.090028599767781
0.3322018468926487,-0.03606601087687539,-3.0968037549599163
0.3304906900411124,-0.03613793671776527,-3.1035789168175585
0.3287790049896585,-0.036198274318322225,-3.110354082672789
0.32706685830044063,-0.036246965151562484,-3.117129230951545
0.32535444194059343,-0.036284023070344465,-3.1239043433619726
0.32364188203979527,-0.03630950051990927,-3.1306794532421414
0.3219290874973124,-0.03632337765001692,-3.137454590527589
0.32021629282028,-0.036325739135809075,3.138955519606696
0.3185036359599061,-0.03631653355641551,3.1321803020322565
0.3167911256460189,-0.036295710047047944,3.125405086083049
0.31507875815904607,-0.036263149710454474,3.118629936114041
0.3133666091161132,-0.036218949905086735,3.111854823313018
0.3116547580199668,-0.03616316378778747,3.105079673137783
0.3099432920382384,-0.03609579720090752,3.0983045139521637
0.3082323457688112,-0.03601689326719771,3.091529319750819
0.30652183688746165,-0.035926399254540754,3.0847540872395984
0.30481206335344435,-0.03582433149840319,3.077978848761378
0.30310313680278234,-0.03571068503777736,3.071203597047241
0.3013950646475749,-0.035585462538843884,3.0644283475779552
0.2996879051366165,-0.03544863117713678,3.057653101456414
0.29798165422315565,-0.0353000882866834,3.0508779441259306
0.296276421763005,-0.035139979176691684,3.044102793243726
0.29457226179857754,-0.0349684001740998,3.037327573567161
0.2928692867072023,-0.03478540369028983,3.0305522873137307
0.2911675211226988,-0.03459093331712392,3.0237769373835843
0.28946707837236607,-0.03438491154811287,3.017001598841831
0.2877682025259317,-0.034167300972330644,3.0102263230638497
0.28607091160087955,-0.03393819751586916,3.00345105407458
0.28437523309564294,-0.03369760196376799,2.9966757809032902
0.28268122928560296,-0.03344543215824927,2.9899005774776484
0.28098894698330823,-0.03318176568563435,2.9831254103565175
0.27929845566973693,-0.032906694314990506,2.976350198068053
0.2776098402001741,-0.03262024766383571,2.9695749518011536
0.2759232075081539,-0.03232240135994163,2.962799688970785
0.27423860276262646,-0.03201308355791084,2.9560244709769714
0.27255613707026505,-0.03169237855988468,2.9492492487534774
0.2708759298357185,-0.031360302656562526,2.9424740269495553
0.2691979981591846,-0.031016807226648922,2.9356988403969364
0.26752239159445523,-0.03066194762849512,2.928923644625635
0.2658491874909006,-0.030295729133979876,2.9221484601472816
0.2641785358367622,-0.02991817491334945,2.9153733014576653
0.26251054297572196,-0.029529348196148716,2.9085981415561233
0.2608451233447515,-0.029129223650912812,2.90182294632247
0.25918254735229385,-0.028717894757020596,2.895047723972565
0.25752284136420495,-0.028295317772152863,2.888272501898487
0.2558660398217062,-0.027861479963876744,2.8814972775411367
0.25421219730276656,-0.027416354037803205,2.874722086224157
0.252561342083558,-0.026959970736725607,2.8679469143539054
0.2509136350461573,-0.026492396284751515,2.861171743692793
0.24926910832527585,-0.026013737346331445,2.8543965078683953
0.24762787825365687,-0.025524021486617487,2.847621229800714
0.24598991138378512,-0.02502314838653662,2.840845929052664
0.24435538952497923,-0.024511179377013765,2.834070614374599
0.2427244800702535,-0.02398813739805899,2.8272953198001103
0.2410971930585078,-0.023454071330516565,2.820520008289775
0.23947357880010114,-0.022908984151872116,2.8137446826952863
0.23785367810743718,-0.02235284038265621,2.806969382237364
0.23623753554904736,-0.021785697503094555,2.8001940997767036
0.23462526239275788,-0.021207637762960956,2.7934187861198607
0.23301685893194304,-0.020618688950661403,2.786643438589022
0.23141246499788826,-0.020018928141127292,2.7798680295826292
0.22981223375302656,-0.01940833922997247,2.7730926206864774
0.22821622157838237,-0.018786932852226563,2.766317221208431
0.22662442910037484,-0.018154627056827976,2.759541860522148
0.2250369898982259,-0.017511465479980986,2.752766585795179
0.2234540035611319,-0.01685757369507666,2.7459913239917144
0.22187539047054586,-0.016193031308219974,2.7392160204931915
0.22030129195410614,-0.015517869325108673,2.7324406869386504
0.2187318181038295,-0.014832071585730019,2.7256653904398753
0.21716697573716612,-0.014135573206329478,2.7188901320126826
0.21560681436692253,-0.01342847262881895,2.71211486766421
0.21405161958896293,-0.012710846503600342,2.7053396586018055
0.2125014017559807,-0.01198269612721678,2.698564510898868
0.21095618393830362,-0.011244100515426824,2.69178935052012
0.20941598723764845,-0.010495102620684465,2.68501418824645
0.20788086368689623,-0.009735718324774245,2.6782390184135476
0.20635083047466657,-0.008965960834842742,2.6714638353727462
0.20482604836539134,-0.008185787111963888,2.664688696639422
0.20330664796470754,-0.007395179232604313,2.6579136638503535
0.20179251367055406,-0.006594229242928002,2.6511386334544365
0.20028391149494085,-0.005783131825610069,2.644363589118392
0.19878085759000538,-0.004961969654843066,2.6375884929171676
0.19713499840253335,-0.004048188009570788,2.6308133109928264
0.1954952475307914,-0.003123215141051688,2.624038292693805
0.1938617770695519,-0.0021870529208919565,2.617263130452594
0.19208796590744814,-0.0011542318612157401,2.610488160274143
0.1903209623303474,-0.0001092046718462268,2.603713070202447
0.18841544677596214,0.0010352294374434599,2.5969380473945987
0.1865176027549361,0.00219253836681712,2.5901629379890503
0.18462762068862337,0.003362638881276556,2.5833877453332312
0.18260190366503212,0.004635992917488515,2.5766126132921636
0.18044169598321957,0.0060145657040458446,2.5698375235676854
0.1782907682580617,0.007407873020338532,2.563062399368698
0.1761492599889315,0.00881573916296614,2.556287306604404
0.17387605434298853,0.010332281781890053,2.5495120452089233
0.17161296491719652,0.011864268414454681,2.542736898494471
0.1692203879242135,0.013507854986179046,2.5359616033448216
0.16683886546416707,0.015167766566593445,2.529186462407508
0.16446870582866333,0.016843728574405827,2.5224112739407683
0.16197189495377282,0.018634740865547977,2.515636037157405
0.15934989032523555,0.020542587754052877,2.50886080933647
0.15674074192105952,0.022468238080957992,2.5020855663547654
0.15400872711117408,0.024513384809489083,2.4953103415771603
0.15129056164595092,0.02657714583501472,2.4885351535275726
0.14858643633660007,0.028659346136314934,2.481760064237713
0.14576266291967205,0.03086439083577325,2.474984979619796
0.1428206608057899,0.0331940172870528,2.4682098559659758
0.13989434371424686,0.03554355232243225,2.4614347726729937
0.13698397328308556,0.037912886714683645,2.454659591794636
0.13395874831787716,0.040410006308886075,2.4478844345412094
0.13095045118702478,0.04292768009627381,2.441109281232877
0.12795931809488692,0.04546568105038498,2.434334147871733
0.12485675262702413,0.04813468221413393,2.4275590626358534
0.12177223137707989,0.05082472419807937,2.420783848183461
0.11870595577213862,0.053535547839967224,2.41400867725253
0.11565807747593676,0.056267215146253366,2.4072334244395863
0.11262875188666735,0.059019433201097406,2.4004581410385195
0.10961819648291683,0.06179201943855337,2.3936828442472566
0.10662645961259934,0.06458498037577945,2.386907519721906
0.10365375971960906,0.06739818775559657,2.3801321605552035
0.10070027981840288,0.0702313895087197,2.3733568366390627
0.0977660595316694,0.07308452757917457,2.3665814601632404
0.0948512147680502,0.0759575185626091,2.359806099160435
0.09195587133034419,0.0788501712247295,2.3530307353537356
0.08908014051966624,0.08176240743270875,2.3462553464325
0.08622420381745304,0.08469410107450459,2.339479998117969
0.08338823128318569,0.087645087090942,2.332704680671231
0.08057233193133226,0.09061516491470434,2.325929371845912
0.07777661279011473,0.09360421632116644,2.3191540906014847
0.07500116447756504,0.09661223375002598,2.312378825458785
0.07224611229749145,0.09963904280188915,2.305603574246877
0.06951167334478008,0.10268434010447335,2.2988283554546585
0.06679797185397066,0.10574802205049222,2.2920531725252884
0.06410511511599992,0.10882998525723837,2.2852779806736465
0.0614332225504631,0.11193012262267941,2.2785028333739317
0.058782421980659395,0.11504837943467441,2.2717277313122097
0.05615283281170154,0.11818455640002179,2.2649526854891815
0.05354449712287249,0.12133852213456953,2.2581776168094336
0.050957485872755684,0.12451005052573025,2.2514024965257997
0.04839196156211855,0.12769900461093645,2.2446273235297842
0.04584812477022505,0.13090529132508383,2.2378521663129924
0.04332609392757948,0.13412867802861808,2.231076977258896
0.040722321295549,0.13750355630991415,2.2243018519474598
0.03814143434673617,0.14089622275881278,2.2175266327827177
0.035583591503719855,0.1443063467752053,2.2107515491226573
0.0329478501640548,0.1478703588491445,2.203976342909768
0.030336116841613945,0.1514521493827704,2.1972010835919265
0.02774866748109915,0.15505155451657648,2.1904257488937326
0.02508757363641984,0.15880702199074567,2.1836505129875023
0.022452036668669594,0.16258060356811857,2.1768752341726354
0.019842136365641295,0.16637194088839513,2.1701001012880776
0.017162656720408048,0.17032138029176133,2.163324914042163
0.014415486116866223,0.17443012940383648,2.156549611775561
0.011696080984649191,0.1785576212931327,2.149774316153955
0.009004702039510855,0.1827034772552456,2.1429990327771407
0.006250019981314284,0.18701063623938494,2.1362237776958293
0.003434086932903158,0.19148015341313362,2.1294484852725057
0.0006483828313381812,0.1959687786217323,2.1226732734397924
-0.002106926835593078,0.20047617098921766,2.1158979760308725
-0.0049192910025230695,0.20514763354280197,2.109122580652701
-0.0077000051618277615,0.20983809808884324,2.1023472034287574
-0.010448877515493763,0.21454734256117775,2.0955718477969856
-0.013250231859746855,0.21942239618835013,2.088796566324687
-0.01601859272124602,0.2243165568343359,2.0820212260946844
-0.018753702986760327,0.229229336383553,2.0752460125665073
-0.021537129467603434,0.23430941659499632,2.0684707305694334
-0.024286178691934116,0.2394082867229101,2.0616955013140466
-0.027000663364211617,0.2445257084803164,2.0549202224393412
-0.029680373632358596,0.24966145528122724,2.0481451041148873
-0.03232514694983668,0.2548153045033504,2.0413700397311407
-0.034934881512715135,0.25998696215633654,2.0345950428401616
-0.03750951965402182,0.26517614719665755,2.0278200659207624
-0.04004896003052298,0.2703825908219839,2.0210450210051256
-0.04255308588591696,0.2756060604626083,2.014269927117007
-0.045021888569021055,0.2808463174664367,2.0074947210626273
-0.04745522602809039,0.28610325809747517,2.0007193888783785
-0.049852802822988734,0.2913765874642455,1.9939440561106878
-0.0522145016729767,0.29666610866223664,1.9871686833668647
-0.05454023301539452,0.30197149171499016,1.9803933361863053
-0.056829945512560216,0.3072924759507706,1.9736179643768699
-0.05908358933656395,0.31262882821511284,1.9668425155694833
-0.06130107502391763,0.31798031044695907,1.9600671155575005
-0.06348229817459773,0.3233467019147959,1.953291662223949
-0.06562714189166324,0.32872771149220753,1.946516239464678
-0.06773544602481146,0.3341231577477405,1.9397409028333532
-0.0698070895222169,0.33953282260170403,1.9329656682243483
-0.07184197599725109,0.3449564683785889,1.9261905235444723
-0.07384007448250207,0.35039368684875427,1.9194154516234383
-0.07580135172683945,0.35584429574430537,1.9126403671591243
-0.07772572292737105,0.3613080574967661,1.9058652747163254
-0.07961302474523976,0.3667847481833937,1.8990901974359702
-0.08146317324906086,0.37227411498057067,1.8923151149307544
-0.0832760834526771,0.3777759044419931,1.8855400082632001
-0.08505167101288383,0.383289840308459,1.8787648710004599
-0.08678985977211767,0.38881568271194367,1.8719896688627509
-0.08849055027874964,0.39435318530383184,1.8652144406823081
-0.0901536743808328,0.3999020567841186,1.8584391549584676
-0.0917791363370335,0.4054620695404991,1.851663869947147
-0.09336690499533078,0.411032933327674,1.8448885582741401
-0.09491691596801766,0.41661449803397205,1.8381132165928082
-0.09642906240994464,0.4222063597074688,1.8313378461042131
-0.09790325683526348,0.4278083672401678,1.8245625312822638
-0.09933944127253712,0.43342022297926036,1.817787215054763
-0.10073755792531416,0.4390416957341782,1.8110119530153137
-0.10209758682834441,0.44467255819563684,1.8042366850735585
-0.10341947356117959,0.450312507723622,1.7974614431385783
-0.10470313353696988,0.45596124282157247,1.7906862363172897
-0.10594853374501124,0.4616185934482224,1.7839110169218166
-0.1071555475322797,0.46728425714825744,1.7771357790593878
-0.10832414766134998,0.47295784740770463,1.770360540277356
-0.1094543124725033,0.47863917819548535,1.7635853174878469
-0.11054595201170495,0.48432806360151875,1.7568100782473135
-0.1115989442681619,0.4900242441627418,1.7500349038617748
-0.11261333456799277,0.49572753840577566,1.743259704255721
-0.11358904513643281,0.5014375576331862,1.7364845585427042
-0.11452354133085373,0.5071577100777531,1.72811693310412
-0.11540769208016234,0.5128859404914611,1.719500789441424
-0.11624390672757724,0.5186211370962857,1.7111460610623668
-0.1170287818401765,0.5243669306627796,1.70101144559263
-0.11775330197452233,0.5301206712082294,1.6907432970550444
-0.11841982897613257,0.5358812482556989,1.6806725799367652
-0.11902766051668795,0.5416484643866245,1.6704477423946926
-0.11957682258698761,0.5474214398917457,1.660321788961376
-0.12006739178863388,0.5531997358048336,1.6501388810329987
-0.12049917043031208,0.5589827040755856,1.6399862733819373
-0.12087218868967745,0.5647697927741524,1.6298185020398004
-0.12118635526196903,0.5705603805681912,1.6196578318468835
-0.1214416109967363,0.576353861525313,1.609494075534619
-0.12163788756303628,0.582149774507533,1.599331533341159
-0.12177229159306428,0.587950572913399,1.587576284519556
-0.12183294048512475,0.5937557836173354,1.573979687946254
-0.1218105915692634,0.5995643923292786,1.5588040014424251
-0.1216951760448192,0.6053750775063913,1.5418611369736168
-0.12147672440696448,0.6111858815513167,1.5232666960475665
-0.12114544299317208,0.6169946332635844,1.5029562559864327
-0.12104617683565562,0.6183970052452971,1.501202493156486
-0.12088715772137466,0.6207100995300495,1.50196653842484
-0.12068698754448183,0.6234878122105221,1.4943612718950563
-0.12042433466316901,0.6267301380441395,1.4842028284507809
-0.12007730694753,0.630428451230348,1.467845002492474
-0.11961014789464154,0.6345848080588509,1.4473371856065156
-0.1189849021286799,0.6391895690448489,1.4216165687181492
-0.11817331860980565,0.6441166458550209,1.3904026988621163
-0.11710428553915161,0.649469753521965,1.35413811384946
-0.11573743531820806,0.655165241097462,1.3136007973112585
-0.11413295234958501,0.6608018207088258,1.27113831913304
-0.11228687728811619,0.6663669847653534,1.227242203205486
-0.1101925666248805,0.671846399372556,1.1814614597493198
-0.1078449731756727,0.6772249065258092,1.134107927291901
-0.10525227273049134,0.682482470208573,1.089784279878397
-0.10241412676162555,0.687627997142363,1.0385758430760554
-0.09929623752459042,0.6926155033652892,0.9835573881498442
-0.09590994330567118,0.6974272826722355,0.9282949035111949
-0.09225382695213626,0.7020431343624555,0.8703763303569754
-0.0883331078094602,0.7064401424762178,0.811333119946758
-0.0841534667429359,0.7105970137931288,0.7502902606762246
-0.07972281357189748,0.7144896305053721,0.6877128289327094
-0.0750750434100737,0.718098086432165,0.6317625432028106
-0.07021887316394246,0.7214455279884524,0.5694602554076101
-0.06513797563925403,0.7244658550264765,0.49919064070089897
-0.05986003569167401,0.7271228905676371,0.4301242034441578
-0.0544106440126665,0.7294091730722214,0.3605681233430508
-0.048811674530101865,0.7313091624137605,0.28960198429468714
-0.043091013321966104,0.7328048367030543,0.21833917640877393
-0.03727882749604198,0.7338903310144573,0.14734117298202346
-0.03140036924171682,0.7345571636984325,0.07457195601771752
-0.025489041432512457,0.7347926941579085,0.0016644451141079699
-0.01957629771248505,0.7345985360304332,-0.07104233498004602
-0.013690458809457856,0.733971565903861,-0.14549475247052662
-0.00786791065791049,0.7329065971438596,-0.22008960108716824
-0.0021410328058154536,0.7314115822170144,-0.2944825443035284
0.00346049856467667,0.7294899868554114,-0.37062680462580594
0.008899009023165538,0.7271458947075462,-0.44691386004330647
0.014143796319295998,0.7243956783867657,-0.5230033595537429
0.019165387579902857,0.7212497899350502,-0.6008384010742376
0.023926123794340032,0.7177212312455994,-0.6788127639506496
0.02839809218939142,0.7138331211613649,-0.7565864187940862
0.032553189817465855,0.7096038390234145,-0.8361068314068629
0.03635710106776004,0.7050562363199057,-0.9157711706865166
0.039788628762092916,0.7002216520029275,-0.9952353760871795
0.04282464457399479,0.69512588114183,-1.0764461416998103
0.045436228997663836,0.6898000780958815,-1.1577981529023293
0.04760697559500731,0.684279986542692,-1.2389502567851851
0.04931931964549437,0.6785975815186098,-1.3218498927403093
0.05055199024418871,0.672792288205694,-1.4048938175585732
0.051299891469056766,0.6669051895909547,-1.4877372911366074
0.051556002448256213,0.6609727700257498,-1.5723218162956616
0.05130959805392908,0.6550404210446427,-1.6570508312294354
0.05056295045694505,0.64914955822332,-1.7415760443408568
0.04931622343494434,0.6433408808168908,-1.827851592796104
0.047570261935102005,0.6376620961775588,-1.9142726250831517
0.045341222156648264,0.632155138465525,-2.0004916405126862
0.04264171770050151,0.626859445810414,-2.088457172838226
0.039487352556098844,0.6218212466796655,-2.17655588823077
0.03589884986574005,0.6170784793350951,-2.2660551329963803
0.031897053578934915,0.6126780806673269,-2.3559424472225072
0.027517471996431456,0.6086545379020225,-2.445481423340562
0.022790339174631313,0.6050403922575796,-2.5368508564881997
0.017752742742123476,0.6018733485009868,-2.628312072173385
0.012448238232035662,0.5991771728413187,-2.719600039218798
0.006915466998701151,0.5969781716899465,-2.812622523835348
0.001202320987112648,0.5953054537061521,-2.9054749681888397
-0.004640854550986269,0.5941686408228638,-2.9980735428123073
-0.010564329189926556,0.5935780982748056,-3.090874506930859
-0.01651608490374777,0.5935379708239428,3.0996475385819124
-0.022447304228027765,0.5940479901530223,3.0069067761366823
-0.028305355457572106,0.5951051568874177,2.914203733836296
-0.034040176503412976,0.5967008972360505,2.8214795034063376
-0.03960280742504678,0.5988216035289562,2.728770858990948
-0.04494479353214613,0.6014482280296609,2.636060194998492
-0.050021483197418046,0.6045577945741145,2.5433571412990137
-0.054788629620867876,0.6081236724624292,2.450650381760194
-0.059205083919659784,0.6121157139422544,2.357941437691287
-0.06323300045793928,0.6164992481708096,2.2652331794806124
-0.06683819769513542,0.6212366736294443,2.172528369053362
-0.06998948656192458,0.6262873430463902,2.0798278003564272
-0.07266067895914219,0.6316040805573131,1.9887155676047459
-0.0748654165171859,0.6370808511719971,1.9212677075712008
-0.07672083833099913,0.6426991352472015,1.8499361175185431
-0.07812825946139013,0.6484651227433442,1.7660218717652456
-0.07905352472605147,0.6543255650983375,1.6844204835511556
-0.07949800604954997,0.6602402091233838,1.6029935234380281
-0.07946632559742275,0.6661675005574772,1.524088275350516
-0.07897030512704,0.6720710895418288,1.4464437705574242
-0.07801677179007509,0.6779207086212349,1.3680115910120023
-0.07661991266543884,0.683669012563139,1.2950348098560034
-0.07482306194451264,0.6893012271117065,1.2248959303174707
-0.07263673904353267,0.6947914636961898,1.1554241572242563
-0.0700822251791505,0.7001162953215315,1.0883407792694946
-0.06717995797449894,0.7052567922882871,1.022529159006345
-0.06395226386319475,0.7101948203315639,0.9586321712666757
-0.0604210092805003,0.7149177369180975,0.8963183123723063
-0.056587610727578765,0.7194144544022355,0.82777030283135
-0.052468638314667124,0.7236314518970172,0.7656192902480267
-0.048122649065527934,0.7275972748259987,0.7109931806907654
-0.043568214101826784,0.7313187331760929,0.6567037471772139
-0.03882504488451526,0.7347898247623299,0.604803478832206
-0.033912912356905175,0.7380114637094547,0.5542471031027041
-0.028849501396957765,0.7409837704900412,0.50555565824426
-0.023640464219674327,0.7437060111254901,0.4536835020071907
-0.01831479398853277,0.7461572271370166,0.40874376910098775
-0.012895923737858098,0.7483822911380443,0.36762156207282165
-0.007390446177059324,0.7503787027496023,0.32672940104202197
-0.0018144238230365498,0.7521548133674106,0.28850176000623207
0.00382221567560505,0.7537181629679683,0.2513842323775456
0.009508108292183244,0.7550767251504857,0.21628500585293914
0.015249769601128841,0.7562289518109322,0.17589279251904014
0.02101843783205321,0.757151905810739,0.1421715826692375
0.026802156631615177,0.7579028082696038,0.11458963898066764
0.03260301806572084,0.7584922324750907,0.08731968852470036
0.03841325514705539,0.7589302153427405,0.06253112802907883
0.04422958763386266,0.7592280295472664,0.03902604669568544
0.05004780241109774,0.7593949201356575,0.0174128662505929
0.0558745870991368,0.7594315823427558,-0.0073982637729737835
0.06168604645529148,0.7593319756548275,-0.025265463146148897
0.06749029715008888,0.7591480981670992,-0.03931864190467536
0.07328942690182454,0.7588791523885587,-0.053143755967045375
0.07908066666476288,0.7585390129505849,-0.06430089045963845
0.08486544564631215,0.7581374783200299,-0.07434075218621267
0.09064287000436168,0.7576843306169796,-0.08237785681544349
0.09641389713270736,0.7571894724723363,-0.08888224827966063
0.1021937269104475,0.7566446245563015,-0.10201442720737264
0.10795178159664844,0.7560271424621469,-0.10883270318400065
0.11369587149803595,0.7554014189015206,-0.10762867696113085
0.11943947008074719,0.7547835255909193,-0.10606489866742308
0.12518071640174946,0.7541819750827048,-0.10215141799334465
0.13092197391025773,0.7536080510662415,-0.0968549338137218
0.1366633097820496,0.7530694540629189,-0.08973251404738404
0.14241420988670914,0.7525659706178669,-0.08575774656034256
0.14815307848467638,0.7520940766143837,-0.07486221178712832
0.1538928926903195,0.7517045610035151,-0.06014735867762214
0.1596357957254088,0.7513973024777768,-0.04520954087108281
0.16537891869713778,0.7511855077091675,-0.027604431615576318
0.17112223459795736,0.7510774509624946,-0.008884666665914543
0.17686620403805497,0.7510787450198937,0.010251080153158213
0.18260950626662742,0.7511881252215882,0.029080444850860664
0.18834630946914405,0.7514090441932445,0.049692138608366083
0.19407716424168736,0.7517505348337051,0.07044211208719868
0.19979976496077906,0.7522102525813511,0.09098835406187533
0.20550801728033874,0.7527913358066874,0.1132856134190594
0.2112016445336734,0.7535014664879145,0.13572583925586096
0.21687830290064797,0.7543372096504761,0.15796642587260837
0.22253120369149967,0.7553016830779193,0.1819542866063835
0.2281588450963532,0.7564038288976328,0.2060888507573033
0.23375855667312084,0.7576406516440412,0.23002039687673465
0.23932275674105144,0.7590148391163432,0.2556995147121976
0.2448492903164935,0.7605334726446372,0.281523740504133
0.2503354948166695,0.7621924239710882,0.30714662449357727
0.25577333126491436,0.7639929656623035,0.3345178997432078
0.26115909218288463,0.7659436126539894,0.36203354159190143
0.2664853865776256,0.768042911963372,0.39094079521470043
0.2717467526724753,0.7702990266972852,0.42024636933603615
0.2769409815128851,0.7727068601771653,0.44919567262283616
0.28205893740026206,0.7752650510611833,0.47998097073199986
0.287095139061473,0.7779806764619807,0.5108655472981296
0.29204565085206413,0.7808499450569142,0.5415722570986521
0.29690041695591696,0.7838719943035841,0.5740152816491142
0.3016531492018235,0.7870520102663005,0.6066051866270779
0.30630089309174036,0.7903839291790622,0.6389952882481903
0.3108337943611097,0.7938648469119501,0.6731325684426748
0.31524408895374084,0.7974997113217598,0.7074140161315658
0.31952794952100677,0.8012828842594338,0.7414978732177353
0.32367493717002327,0.8052107803882625,0.7773273593049521
0.3276763734864382,0.8092866880414857,0.8133009908181109
0.3315299568484378,0.8135032096010134,0.84907588082886
0.33522573426529834,0.8178541626223014,0.8865972913950166
0.3387545225873785,0.8223415151625291,0.9242622284882717
0.3421131694920254,0.8269577772864789,0.9617293942820416
0.3452910281106162,0.831696175653753,1.000941603672261
0.34827801888137294,0.8365571814753269,1.0402968868663156
0.35107234587138353,0.8415316624091806,1.0794549013389845
0.35366555763736757,0.8466101349274477,1.120358585745805
0.35604765943732275,0.8517910031646946,1.1614076360625964
0.3582165153170297,0.8570648320943964,1.202256782582464
0.36016317403975817,0.8624210877022663,1.2448513900053442
0.3618771560768227,0.8678562800592429,1.2875894838643507
0.3633585035582943,0.8733596406684384,1.3301279232318268
0.36460073522212216,0.8789184444877445,1.3744123960155579
0.3655942024441839,0.8845270284672846,1.4188422463001502
0.36633892972397236,0.8901743255035264,1.4630720687375518
0.3668288108211266,0.8958459518259084,1.5090475045572118
0.3670546913749471,0.9015342547197057,1.555168345695373
0.3670192888804375,0.9072271540813419,1.6010875415459023
0.3667195362610774,0.9129089272345345,1.6487528340809905
0.3661477351834754,0.9185697893676041,1.6965628507897381
0.3653075112199379,0.9241971763133092,1.744171713541886
0.3641973282238172,0.929774091095024,1.7935266908264191
0.36281083933175823,0.9352887743337651,1.8430263086443492
0.3611541470802662,0.9407286351725069,1.8923266976509154
0.3592290746841049,0.9460758803206343,1.943372795548025
0.3570319696730825,0.9513171948701543,1.9945649700685129
0.35457098366807216,0.9564400268726229,2.045555141683642
0.3518507756419194,0.9614260124149933,2.098291108726506
0.34886976569902256,0.9662606180874336,2.1511691819245957
0.34563765370800387,0.97093118983203,2.2038494800665074
0.34216288921754545,0.9754196957000986,2.258277219377614
0.3384474762935624,0.979711681744107,2.312848479870454
0.33450478385267723,0.9837960363645927,2.367221173723072
0.33034644029625476,0.9876553125759729,2.423339227742244
0.3259769501580937,0.9912736214281581,2.479599123178546
0.32141118088122045,0.9946412299561211,2.5356590410644504
0.31666434190404796,0.9977422799030872,2.5934667284707174
0.31174511665637084,1.0005622032248196,2.6514168481537106
0.3066712789181402,1.0030939080056267,2.7091691641455586
0.30146159192269284,1.0053240075830774,2.768666323760822
0.2961276860676186,1.0072387390003321,2.828308039759371
0.2906918671284504,1.008829603405974,2.889340014045256
0.28516852502575263,1.0100827232318035,2.95076820367139
0.27957880961475046,1.010995854384218,3.0118416926884013
0.27394663016244836,1.0115619452928888,3.0747478115408637
0.26828971266634316,1.011771052301951,3.137755050260041
0.2626308184658931,1.0116249103838464,-3.0826021136012325
0.25699603043875996,1.011120509546113,-3.0180375343840184
0.25140956779459483,1.0102492604275253,-2.951732559912404
0.24589336893589864,1.0090084615266794,-2.8853898833634846
0.24047173945157094,1.007404853810225,-2.819148370989817
0.23517230293793237,1.0054437358132122,-2.751229294357286
0.23001897275506913,1.0031257678192744,-2.6831246109201743
0.2250343511889574,1.0004638455746901,-2.6152386337544877
0.22024664250201617,0.9974688494336339,-2.545597643102457
0.2156800337743762,0.9941461929844592,-2.4758234478752725
0.21135580462839498,0.99051372772478,-2.406244845413777
0.20730027631653086,0.9865888525417833,-2.334920203540023
0.20353579202594063,0.9823833929256234,-2.263455024239613
0.20007997239738473,0.9779205693058542,-2.192184354821542
0.19695536893189955,0.9732240710796312,-2.119170971213525
0.19418309870071512,0.9683111216232161,-2.0460154968867656
0.1917762688527539,0.9632091376482133,-1.9730621256170875
0.18975282732148674,0.9579469048681879,-1.8983630167385521
0.18813422518387965,0.9525498370182004,-1.8219282713162477
0.18693741486539397,0.9470473316919061,-1.7438617544859185
0.1861762180936394,0.9414695108472846,-1.664696457424622
0.18585470675711555,0.9358459026477016,-1.5871497332913922
0.1859021492788954,0.9301895912806734,-1.5434951098413607
0.18608585256612262,0.9244389933320133,-1.5363605823701998
0.1863482567579614,0.9187147068813875,-1.5082127871222462
0.18678984003120871,0.9130112764293117,-1.4773903923383989
0.18742612328768385,0.9073440952032656,-1.4366020756326001
0.18831210337332838,0.9017252510087103,-1.3884219883176
0.18948387224619706,0.8961756300789835,-1.3321182231368034
0.19097975064338113,0.8907150086732349,-1.2698610288053431
0.1928138732305315,0.8853516728590825,-1.2106800142712504
0.1949546991047419,0.880099523183508,-1.1538832334113533
0.19739059774406065,0.8749748908242664,-1.098138020771712
0.20010452980669147,0.8699870404080545,-1.0445194801805018
0.203079227168186,0.8651469190386478,-0.9923319240880273
0.2063001623835728,0.8604672739923088,-0.9403793413989935
0.2097610607761594,0.8559622741871218,-0.8882174840716968
0.213452266258144,0.8516396701907403,-0.8377909737065664
0.2173553794233866,0.8475077184756142,-0.7875194339070449
0.22146165940796084,0.8435773444695399,-0.7370439555426043
0.22576065918421315,0.8398535887888373,-0.6883174359774523
0.23023451626537664,0.8363418168836093,-0.6397295613682242
0.23487451711206436,0.8330528318543312,-0.5909465463224114
0.23967071923192923,0.8299900091952764,-0.543908219652864
0.24460598215951315,0.8271502903845114,-0.4986016896465421
0.2496639949697833,0.8245354852313765,-0.45334605394674377
0.2548348879368886,0.8221519873994692,-0.4079845161262382
0.26011042717428334,0.820000561427074,-0.36430139785299154
0.26547433797189873,0.8180799381948889,-0.3208041220574446
0.27091723271295065,0.8163966333100602,-0.27708497096237783
0.2764309034521321,0.8149487887180276,-0.23512019990547606
0.281999957304668,0.8137309877142556,-0.1933004271918412
0.2876149031367632,0.8127477041111223,-0.15127927150454681
0.2932689733073283,0.8119964424578452,-0.1110016447905806
0.29894851884258733,0.8114713745830827,-0.07087362886557365
0.30464457585631965,0.8111767844809452,-0.030543134396552974
0.31035128962450165,0.8111087513600034,0.008042182759438094
0.3160565123247163,0.8112582419546069,0.04647770601722444
0.32175157858566217,0.8116276124312619,0.08511953466667885
0.32743183993549474,0.8122131446326923,0.12201293159604362
0.3330904985837865,0.8130031829478064,0.15717084155873967
0.33872157964387367,0.8139884113895736,0.1906930765862456
0.34432053955974584,0.8151582447170289,0.22248476697849703
0.3498257903154408,0.8165339332723461,0.2763459397254422
0.35525604603939714,0.8182283851211488,0.3265036566229863
0.36062884055706385,0.8201544770202153,0.36402801244481287
0.3659396474036599,0.8222777585260774,0.3968278204838466
0.371204998670627,0.8245554106160795,0.4195975248160275
0.37642566722628595,0.8269458473626463,0.439826336897515
0.38160239804628304,0.8294388722525866,0.45802217719273947
0.3867380620035892,0.8320226246137687,0.47468980524992926
0.39183938957213027,0.8346868540001061,0.4880016661554031
0.39691126728637816,0.837413757791345,0.49937243883491134
0.4019556461811038,0.840197121654102,0.5093176282734397
0.406977283693234,0.8430280603660081,0.5173786381511385
0.41198058935545695,0.8458975635416556,0.5238705849285846
0.41697065983683124,0.8487966904617347,0.5286011371871052
0.421952206881221,0.8517167727766755,0.5316788949966913
0.42690862403198865,0.8546545505213612,0.5410101877263723
0.4318514675361483,0.8576430154292302,0.543928807564605
0.43681066650335043,0.8606279403394409,0.5393660915247492
0.44178466073412087,0.8635909906368117,0.5344299307926378
0.4467755425572277,0.8665272870162191,0.5287205389220053
0.45178200852430933,0.8694358586021773,0.5234781679775813
0.4568088290762655,0.8723160789456277,0.5163863727628623
0.4618571311701044,0.8751585129635743,0.5091873664336751
0.46692490070621556,0.8779657788731156,0.5021768149275377
0.47201699553325993,0.8807356193121514,0.49342138897284893
0.477133722994953,0.8834595545954425,0.484523192318488
0.48227392451616197,0.8861387353002796,0.475822528178413
0.4874418295570893,0.8887712020455549,0.46537765271914344
0.49263800121682766,0.8913472828135521,0.45478629667831993
0.497860625215791,0.8938689671163866,0.44439691439621964
0.5031138495068079,0.8963341465199187,0.4322604716721552
0.508397476930407,0.8987338643948249,0.4199784361018023
0.5137093719000257,0.9010698399692462,0.40789761867178526
0.5190535830706187,0.9033393469793666,0.39406994393279027
0.5244295204634959,0.9055327721957416,0.3800975195702986
0.5298349756402663,0.90765185655445,0.36632535864656457
0.535273549464114,0.9096937547545941,0.35080756323973034
0.5407439071635673,0.911649067375629,0.33514517225148643
0.5462436502887791,0.9135195736525669,0.31968269052954035
0.5517760403498638,0.9153022809222447,0.3024747438840077
0.5573387573954122,0.9169878252210509,0.2851214495693173
0.562929481769341,0.9185775864345617,0.2679687555735678
0.5685508514379694,0.9200682793134249,0.2490702607615169
0.5741999017087118,0.9214505857760577,0.23002541677927613
0.5798739423256215,0.922726071795783,0.21118284733163634
0.5855749984630552,0.923891424746646,0.1905937594711064
0.5912991402417913,0.9249370990781597,0.16985749393002486
0.5970433599586178,0.9258652471367118,0.14932506320502756
0.6028092024542103,0.9266719951810256,0.12704527346076144
0.6085918697255739,0.9273479511339675,0.10461907915577581
0.6143913810642072,0.9278925868596825,0.08080547823582053
0.6202026724609732,0.9282958232233747,0.05658888653236998
0.626021654762357,0.928559860426726,0.032732370641267675
0.6318487465345094,0.928680849073482,0.007041027614881639
0.6376769881476672,0.9286501286046783,-0.018752146270560842
0.6435024159905587,0.9284701712187907,-0.04436385755477464
0.6493243958801803,0.9281370463699447,-0.07171310098670361
0.6551351202523423,0.9276429112941282,-0.09921387995220582
0.6609298947685747,0.9269905790251127,-0.1265081926431902
0.6667074227089221,0.9261760192029718,-0.1555503309653502
0.672458491087519,0.925191858319363,-0.18473972720896037
0.6781785045014215,0.9240416213695709,-0.2137245687513797
0.6838651068007374,0.9227215392956669,-0.24445697948681738
0.6895079531285769,0.9212251605643932,-0.27533643640701844
0.6951022237129216,0.9195566180480018,-0.3060124908875177
0.7006445787684424,0.9177124592300709,-0.33843594682286254
0.7061235220692605,0.9156876578242038,-0.37100665212576606
0.7115340193656493,0.9134868882602261,-0.4033735255305778
0.7168718192742087,0.9111071571960634,-0.4374885384087096
0.722124553111208,0.908544893258644,-0.4717474869447057
0.727286913812681,0.9058055014517579,-0.5058057094951572
0.7323538434068599,0.902886684723941,-0.5416105512113726
0.7373120119070159,0.8997868354758304,-0.5775586493324049
0.7421561599287885,0.896511786847161,-0.6133081550771959
0.7468805102861463,0.8930606947454843,-0.6508029574819377
0.7514709849045356,0.8894332265783194,-0.688442537509114
0.7559222781565523,0.8856365975519571,-0.7258827975928343
0.7602281666863696,0.8816709092749792,-0.7650694101805879
0.7643741616131472,0.877538151417184,-0.8043989756424447
0.7683551578514831,0.8732466610187173,-0.843530676962185
0.772164461339692,0.8687976799934822,-0.8844073632762123
0.7757871387610659,0.8641954475556749,-0.9254268711305724
0.7792189448718884,0.8594494545754473,-0.966248504755299
0.7824526150762913,0.8545624602451325,-1.0088137566351347
0.7854736470480201,0.8495410193582243,-1.0515254362025372
0.7882785443925349,0.8443958873946101,-1.0940362862094206
0.7908602997995625,0.8391317894454293,-1.138293040744489
0.7932048005327247,0.8337577212473885,-1.182694170424849
0.7953097567023687,0.828285644515577,-1.226894600939297
0.7971682200055924,0.8227215263227604,-1.2728393140469059
0.7987669501419782,0.8170772954469815,-1.3189305520680041
0.8001049425710444,0.8113657844414237,-1.364819318708331
0.8011760786579913,0.8055949044049241,-1.4124543344037814
0.8019690639558242,0.7997791967374771,-1.4602366643111135
0.8024849025896726,0.7939325951430317,-1.5078146664609982
0.8027186300841221,0.7880647169568623,-1.5571382312041524
0.8026609831512584,0.782192451741547,-1.6066085602498885
0.8023141548973622,0.7763303256359162,-1.6558734890144522
0.8016743339594103,0.7704896877397969,-1.7068877817997432
0.8007349649940304,0.7646895465758272,-1.7580453168806607
0.7994980083816221,0.7589423341531673,-1.8105925902201923
0.7979581852271709,0.7532685141697971,-1.8635443598965895
0.7961224893916423,0.7476837883036499,-1.9161340535244025
0.7939906861637152,0.7422017139507765,-1.9705588930468203
0.791561763936015,0.7368445741347761,-2.0250812759124273
0.7888451663806433,0.7316278359126515,-2.0794251861787436
0.7858441597663245,0.7265652856623057,-2.135504758410191
0.7825624212719684,0.7216799323350691,-2.1917306663043257
0.7790127167521808,0.7169857981877573,-2.247760294335501
0.7752007740418199,0.7124976107263947,-2.3055338288083225
0.7711345231235559,0.7082383898886395,-2.3634477361829935
0.7668294343549364,0.7042210728542019,-2.4211676087939615
0.7622944202528241,0.7004599441664984,-2.4806273617876817
0.7575428558300233,0.6969765323041001,-2.540226930790664
0.752593057151066,0.6937809226440118,-2.5996360355514456
0.7474577481367156,0.6908866782673225,-2.660785547930731
0.7421542090915935,0.6883136740025445,-2.7220792544021744
0.7367037259917402,0.6860693338698303,-2.7831738150325154
0.7311220547822005,0.6841646628954225,-2.8460112402606796
0.7254312174518169,0.6826162189599689,-2.9089928239356264
0.7196546380174574,0.6814276856149816,-2.9717727088068964
0.7138111290638435,0.6806074386971747,-3.0362976726708064
0.7079266432668452,0.6801683568807502,-3.1009721631048786
0.7020262239407807,0.6801094784821008,3.117745281690006
0.6961312161613292,0.6804349208092949,3.051530226060411
0.690270856198915,0.6811514722951496,2.985173266996228
0.68447071961695,0.6822535220849814,2.9190192018167593
0.6787561136540203,0.6837374029801402,2.852709955088476
0.6731525015546569,0.6855968402174166,2.786499540669711
0.6676841675551085,0.6878234301071268,2.720228815796401
0.6623750587993131,0.6904069127344559,2.6539909428402755
0.6572482631667618,0.6933355561387845,2.5877366462270386
0.6523263334706909,0.6965968278971755,2.521490915053095
0.6476221469430616,0.7000989304269488,2.487968031713242
0.6439154142569893,0.7029216622772952,2.5004136385924682
0.6411347800411837,0.7049889460616267,2.501633295482102
0.6392852523798818,0.7063629756308601,2.506951019265192
0.6383594100701114,0.7070432944451538,2.510989352463724
0.6381138955729928,0.7072231906991197,2.513276029791248
0.6381146209741391,0.7072223855219782,2.5132975026717177
0.6381151137822872,0.7072204599627389,2.513188552320465
0.638115958880985,0.7072187976513101,2.5132875898553064
0.638116766434487,0.7072183670191311,2.5132194572981836
0.6381173954311887,0.7072189978399344,2.513261178874294
0.6381175039827428,0.7072201195182378,2.5132389959878463
0.6381168813174071,0.7072207567157051,2.513250009764884
0.6381156569524621,0.7072204768774144,2.5132440927944693
0.6381147064428717,0.7072200257169515,2.5132477480156377
0.6381146057445773,0.7072200379662366,2.513246363944064
0.6381153267864137,0.707220579113867,2.5132477210682502
0.638116232064124,0.7072210850125785,2.513247943576269
0.6381166404110543,0.7072207803214767,2.513246645888166
0.6381163526492241,0.7072198863741275,2.5132471877912437
0.6381159132883967,0.7072191933716182,2.513247444782351
0.638115841503535,0.7072192603216992,2.5132474267309606
0.6381160226893317,0.7072198850473319,2.5132485370248663
0.6381164514797698,0.7072208711623181,2.5132487574134816
0.6381164606586317,0.7072211401560041,2.5132478627454438
0.6381159175459298,0.7072204089956334,2.513247824901317
0.638115442020516,0.707219679382167,2.513248651856297
0.6381156050320368,0.7072196716244141,2.5132485567123815
0.6381161044897283,0.7072201411225825,2.513249384003402
0.6381165855520329,0.7072207001413103,2.513249645203671
0.6381166593284028,0.7072206635839238,2.5132484659519014
0.6381159747740767,0.7072198566920428,2.5132494182425624
0.6381155793560164,0.7072194798965014,2.513249226660649
0.6381156051702165,0.7072196669476232,2.513249536691194
0.638116067533943,0.7072203089728774,2.513250530365456
0.6381167405442344,0.707221224935825,2.5132507370801256
0.6381167025724365,0.7072211154072361,2.5132493660416526
0.6381161764323483,0.7072202531026035,2.5132506029218495
0.6381156805113204,0.7072196229675838,2.5132499595959135
0.6381155848215017,0.707219523936143,2.513250314279756
0.6381161341771924,0.7072201791023092,2.513251133911693
0.6381167095353616,0.7072209417967558,2.513251450591581
0.6381167057088708,0.7072209031718424,2.513250197019346
0.6381162632449474,0.7072202702553698,2.5132507822558443
0.6381157496407083,0.7072196190360829,2.5132512753976197
0.63811583527914,0.7072197445786614,2.513251361659039
0.6381162956954998,0.7072204179545943,2.5132520796872866
0.6381166151622544,0.7072209640906775,2.5132523079871087
0.6381166202530971,0.707220921461278,2.5132515933209008
0.6381162189968084,0.7072202803492499,2.5132516254813932
0.638115733040597,0.7072196606139604,2.5132522722161568
0.6381158844198755,0.707219771840019,2.513252296886483
0.6381164109589075,0.7072204268806431,2.513253086601605
0.6381167713312473,0.7072209135111498,2.5132531233256996
0.6381165833598459,0.7072205697523524,2.513251599671568
0.6381160615590336,0.7072200186879682,2.5132536116411166
0.6381157132564869,0.7072196726557032,2.513252595610626
0.6381158213587859,0.7072198554798227,2.5132534242527553
0.6381163587274602,0.7072205000078481,2.5132540456622503
0.6381168022139103,0.7072210073685349,2.513254124215336
0.6381166917111192,0.7072206825547794,2.513252575556808
0.6381161947214228,0.7072198709588803,2.513254152328914
0.6381158918633912,0.7072194809877473,2.513253873215557
0.6381162975470894,0.7072200095221172,2.5132545760423355
0.6381167803410902,0.7072207548106451,2.513254960294481
0.6381168514751937,0.7072209224841512,2.513254033512526
0.6381164504750814,0.7072204307633057,2.5132548378988355
0.6381159817429886,0.707219893416489,2.51325490084924
0.6381157608193881,0.7072196645954035,2.513254669461236
0.6381161955198026,0.7072201203170414,2.513255666814181
0.638116750921206,0.7072208045282504,2.5132558160923666
0.6381168464207115,0.7072208975262437,2.513255020625969
0.6381165128894238,0.7072203192649787,2.5132554686694553
0.638116020884334,0.7072197349905016,2.5132559202671083
0.6381159372412073,0.7072197367158435,2.5132557427373854
0.6381162983203359,0.7072202505913266,2.5132565636153257
0.638116637239288,0.7072207982665056,2.513256750963923
0.6381167698143506,0.7072210009033076,2.51325701769407
0.6381165199979559,0.7072204978142075,2.513255281783845
0.6381160260308404,0.70721978460814,2.5132572185017334
0.6381158085738067,0.7072194521045757,2.5132563809989117
0.6381162756499692,0.7072199473523757,2.5132574412028377
0.6381168235538405,0.7072206679079883,2.513257790412026
0.6381169668362445,0.70722087319988,2.5132567227650884
0.6381164837109958,0.7072201969084146,2.513257554617099
0.6381160257383419,0.707219651049167,2.513257856648481
0.6381160167833776,0.7072196931181169,2.513257602641124
0.6381163519850069,0.7072201795311761,2.5132586026476593
0.638116756720477,0.7072206972384807,2.5132583614356965
0.6381167715050924,0.7072206857325493,2.513258317440911
0.6381164296585067,0.7072202801409424,2.513258736905919
0.6381160673685596,0.7072198596314563,2.5132586602492317
0.6381159843563942,0.7072197497969768,2.513258735674814
0.6381162612613277,0.7072201070040725,2.5132593018291955
0.6381166091852658,0.707220523725135,2.5132594867242934
0.6381167808708302,0.7072207075302855,2.513259722042568
0.6381166953202849,0.7072205731999405,2.513259765169889
0.6381164208726545,0.7072202728863702,2.513259963140461
0.638116171379808,0.7072199815649531,2.513259898840607
0.6381160992853584,0.7072199663801672,2.513260169486264
0.6381161742229348,0.7072200748220231,2.513260368400533
0.6381163451336439,0.7072202655722633,2.513260759994911
0.6381165479873412,0.707220453136795,2.51326093987258
0.6381166659993178,0.7072205506900314,2.5132612637763145
0.6381165443030691,0.7072203075359702,2.5132611314534405
0.6381164207031689,0.7072200193297198,2.5132613444821432
0.6381163785128585,0.7072200038839022,2.5132613151594208
0.638116305565322,0.7072199700513274,2.5132615423844658
0.6381163658539796,0.7072201017061748,2.5132617281900127
0.6381165028566314,0.7072203618345383,2.5132621165584177
0.6381165725216144,0.7072205337625951,2.513262230560771
0.6381165794232683,0.7072205198340613,2.51326241495657
0.6381164703677016,0.7072203410244212,2.513262482757813
0.6381163600002369,0.707220137553501,2.5132626415106705
0.6381162847546699,0.7072199844487012,2.5132627546183874
0.6381163526348648,0.707220046691459,2.513263040017441
0.6381164444371222,0.7072201187207107,2.513263159238707
0.6381164944491722,0.7072201358794782,2.5132634751398975
0.638116534782313,0.7072201997555773,2.5132636398931782
0.6381165118511447,0.7072201663859863,2.5132638004835934
0.6381164513564256,0.7072200978935789,2.513263866340153
0.6381164869112637,0.7072201298627376,2.513264056176236
0.6381165123939888,0.7072202517747693,2.513264274651102
0.638116552643673,0.7072203648018728,2.5132644268627957
0.6381166457204005,0.7072204346707313,2.513264694796689
0.6381166333409586,0.7072204473848964,2.513264788303598
0.6381166089104219,0.7072203554348668,2.5132648971271214
0.6381165583386881,0.7072202441651673,2.5132650036931383
0.638116522881982,0.7072201669646805,2.513265230174258
0.6381165150306718,0.7072201403062911,2.5132653527938937
0.6381165290069752,0.707220155566587,2.5132655869567624
0.6381165523680665,0.707220195653582,2.513265771659514
0.6381165145973055,0.7072201585653229,2.513265954292346
0.6381164894301615,0.7072201018086054,2.513266088429754
0.6381164644407684,0.7072200658808251,2.513266195921523
0.6381165342199163,0.7072201126261145,2.5132664377040563
0.6381165941334402,0.7072202938454711,2.513266528511133
0.6381165198836364,0.7072203319358837,2.513266676425838
